token	count
là	3667
có	3463
mà	2566
cho	2368
đi	2200
thì	2151
anh	2146
này	2087
con	1849
của	1711
cái	1653
nó	1628
người	1624
không	1610
ko	1583
rồi	1555
em	1499
như	1471
làm	1462
nói	1425
cũng	1420
quá	1416
gì	1394
thầy	1325
lại	1264
ra	1151
hay	1145
ông	1120
còn	1116
k	1088
phải	1074
mình	1071
ơi	1064
bạn	1041
nào	1023
thế	1021
a	1004
chị	1002
cô	989
nguyễn	985
sao	984
ai	979
ở	973
được	968
và	963
đâu	960
đó	942
để	927
ba	909
thôi	906
nghe	871
vậy	869
v	839
mới	839
biết	838
1	835
t	829
thấy	827
nhà	814
mấy	808
chứ	801
ăn	796
về	789
luôn	785
nhưng	784
các	772
với	769
nước	754
lên	750
chi	745
đc	741
bị	741
nha	731
dân	725
đây	711
ta	698
3	690
xin	687
i	680
ng	672
trần	653
chỉ	651
à	648
tiền	648
ạ	642
minh	638
xem	631
cả	631
thật	627
đã	620
vào	619
thằng	608
lắm	599
qua	597
m	594
nam	588
nên	578
e	574
nữa	574
c	570
đẹp	563
hết	561
mẹ	561
nhiều	561
chưa	552
nhé	551
từ	548
chửi	548
tôi	538
việt	520
giờ	516
nhìn	510
hơn	505
yêu	505
khi	503
mày	493
đấy	493
vẫn	493
ý	491
đúng	488
abe	483
đến	482
học	482
tao	477
trong	475
rất	475
n	474
năm	471
sống	471
chết	470
nay	467
vl	467
bác	466
phục	464
công	461
một	457
cười	445
độ	440
sự	438
muốn	438
chúng	438
vn	435
vô	427
sẽ	427
thuyết	426
trung	425
đang	423
những	420
thành	415
đéo	413
thương	413
khác	406
đầu	406
chắc	406
bảo	403
cực	399
vì	398
co	397
hoàng	396
thích	395
mua	391
ngày	386
la	375
vui	373
facebook	366
thanh	359
mặt	357
cứ	356
chơi	355
chuyện	354
ma	353
bao	349
ngu	345
2	345
bọn	344
bài	340
r	340
ca	340
ad	339
lúc	338
linh	337
sinh	337
do	336
y	336
chó	335
dần	335
quan	335
cách	335
sau	329
com	328
văn	328
3d	326
nhau	325
https	325
gia	325
kì	324
cao	323
nè	322
www	319
giống	316
bà	314
hiếu	313
nhân	312
tự	311
toàn	304
an	301
coi	300
đừng	299
quốc	298
đồng	297
tui	293
nhất	292
fan	291
chúc	291
lý	289
tâm	288
thể	288
lê	288
trên	286
vs	286
thi	286
tin	286
trang	285
hài	284
bán	283
theo	283
mọi	283
no	281
hiểu	279
nghĩ	279
cần	278
bằng	276
lần	273
ấy	271
ngọc	270
phạm	270
hình	268
trước	266
câu	266
hả	264
đường	264
cảm	263
hợp	262
mất	262
ghê	262
phát	261
dễ	260
xe	258
bên	258
nhận	256
j	256
dịch	256
chính	256
ae	254
cùng	253
hoa	253
sợ	252
ảnh	251
bố	250
bệnh	249
tay	249
tiên	249
xong	247
á	243
vừa	243
tới	241
hàng	239
o	237
trời	235
già	234
mỹ	233
đất	232
ngoài	232
thu	230
bộ	230
số	230
nhỉ	230
tốt	229
thị	228
tưởng	227
giáo	227
trai	224
nếu	224
động	223
mai	222
dc	221
bình	220
nhớ	220
tình	219
buồn	219
mong	217
chất	216
bắt	216
video	216
nhật	215
nhung	215
quả	214
hỏi	214
họ	213
cố	212
thời	212
tính	211
vũ	211
like	210
thức	210
ok	208
nguyen	207
hà	205
má	205
thứ	204
comment_id	203
chủ	203
lồn	203
tụi	202
vàng	202
hơi	199
chả	199
mang	199
báo	199
hôm	198
mạnh	198
tùng	198
cơ	198
bây	197
kia	196
may	196
lấy	195
du	195
lo	195
kiểu	195
kinh	193
bỏ	193
vãi	193
chuẩn	193
phương	192
lâu	192
đánh	192
tại	191
cmt	190
thực	190
việc	190
đứa	189
nhạc	189
đức	188
acc	188
tên	187
di	187
quang	187
đời	186
tết	186
oi	185
thay	184
chậm	183
tư	182
sang	182
hộ	182
tộc	181
chịu	181
mỗi	181
bản	180
nghiệp	180
giải	179
ha	179
ly	178
vẻ	178
chu	177
lời	177
đọc	177
bé	176
cộng	175
bay	175
cứng	175
sai	174
tri	174
giới	173
clone	173
cá	172
đồ	170
chú	170
tài	169
lam	169
khánh	169
hải	168
đm	167
duy	167
noi	166
sản	166
nhiên	166
hồ	166
ơn	166
thêm	165
giàu	165
đáng	164
h	164
tiếng	164
trường	163
quyền	163
u	162
nhanh	162
lương	162
mặc	161
gái	161
trọng	160
cu	159
thông	159
mắt	159
gọi	158
haha	158
đình	157
quần	157
đạo	157
cha	155
đăng	155
tham	154
huy	154
trả	154
so	153
án	153
lòng	153
thần	153
trend	151
trẻ	151
viên	151
lí	151
tiếp	151
cháu	150
ngủ	149
sức	148
phan	148
chung	148
kênh	148
trưởng	147
vụ	147
hiện	147
chán	146
thái	146
đại	145
idol	145
nh	144
thiên	143
hãy	143
mừng	143
xa	143
tối	142
to	142
phim	141
liên	141
nghỉ	141
danh	140
tội	140
nổi	140
cà	140
lỗi	140
kỳ	139
giá	139
lũ	139
b	138
duyên	138
sói	136
tức	136
bóng	136
loại	135
tuổi	135
dùng	135
ngta	135
huyền	134
tóc	134
thường	134
cầu	134
càng	133
chào	131
tìm	131
l	130
hành	130
vi	129
thân	129
tất	129
cc	129
ngồi	129
đê	129
lớn	129
khỏe	128
sư	128
đảng	128
ngay	127
cai	127
máy	127
lol	126
giúp	126
p	126
sáng	126
dung	126
đủ	125
quân	125
ô	125
cua	125
đề	125
đưa	125
hai	124
kết	124
gà	124
sĩ	124
chỗ	123
mãi	123
nhỏ	123
định	122
kêu	122
tăng	122
na	122
vấn	122
khổ	122
hội	122
thảo	121
bắn	121
dám	120
điều	120
dương	120
nghĩa	120
chẳng	120
lãnh	120
ủa	119
mo	118
thắng	118
tú	118
bò	118
não	117
nc	117
vay	117
tai	117
mồm	117
đóng	116
trình	116
ơ	116
gần	116
triệu	116
long	116
chạy	115
đổi	115
kìa	115
gi	115
nghèo	115
cung	114
hồi	114
cuối	113
vài	113
kiếm	112
nội	112
khó	112
10	112
va	112
da	112
clip	112
phúc	111
ít	111
gian	111
áo	111
xuất	111
phong	111
ho	111
ngon	110
tập	110
dù	110
điểm	110
đ	109
đàn	109
gặp	109
people	109
máu	109
khẩu	109
miền	108
thua	108
cáo	108
ban	108
cuộc	108
lịch	108
tháng	108
thiếu	108
đều	107
khỏi	107
chế	107
page	106
tran	106
giang	106
đa	106
chân	106
tuấn	106
cơm	105
vcl	105
thủ	104
kg	104
luật	104
tạo	103
quay	103
viết	103
lực	103
hi	103
xuân	102
e1	102
đạt	102
ủng	102
giả	101
đôi	101
chống	100
lai	100
sớm	100
tổ	100
nhu	100
thiệt	100
bi	100
trị	99
cấp	99
võ	99
diễn	99
tí	99
kiến	99
dm	99
bất	98
hiệu	98
đợi	98
kim	98
my	98
pha	97
xuống	97
miệng	97
de	97
hoài	97
bắc	97
lan	97
d	97
tế	97
tinh	97
love	97
hát	97
fb	97
đá	97
biệt	97
stream	97
me	97
kkk	97
nguyên	96
nhiễm	96
7	96
chí	96
phản	95
link	95
mn	95
thử	95
đoàn	95
hạnh	94
nhờ	94
đỡ	94
nhi	94
mắc	94
thư	94
hồng	93
xinh	93
tiến	93
cây	93
nguoi	93
z	92
xạo	92
chui	92
nơi	92
đau	91
hậu	91
châu	91
chụp	91
game	91
tôm	91
khá	91
nhe	90
ngô	90
tu	90
sắp	89
lớp	89
hại	89
nữ	89
sơn	89
roi	89
dạy	89
mixi	89
trí	89
mạng	88
lun	88
thiện	88
quảng	88
dan	88
dơ	88
tàu	87
độc	87
gửi	87
vật	87
nghiệm	86
hoang	86
cụ	86
đứng	86
đeo	86
khịa	86
nhiêu	86
team	85
yên	85
quê	85
vợ	85
tha	85
ổng	85
đào	85
quỳnh	84
cướp	83
tỷ	83
giỏi	83
ak	83
đen	83
hương	83
kể	83
vọng	83
iu	83
địt	82
năng	82
sủa	82
khoe	82
phân	82
răng	82
tử	81
chờ	81
biểu	81
suy	81
riêng	81
bớt	81
mệt	80
bê	80
live	80
ch	80
đô	80
dep	80
bữa	80
hóa	80
thuốc	80
vinh	80
ôi	80
cánh	79
said	79
phẩm	78
cờ	78
lao	78
rõ	78
đông	78
jack	78
khai	78
xưa	78
ib	78
tây	78
trò	77
tien	77
xã	77
nguy	77
nhá	77
lân	77
lon	77
xấu	76
phần	76
phá	76
toang	76
chuyển	75
tượng	75
4	75
kệ	75
phí	75
lẽ	75
nằm	74
cắt	74
ah	74
luận	74
ỉa	74
tô	74
giọng	74
hoá	74
thoại	74
tù	74
hieu	74
chức	73
đội	73
mì	73
phạt	73
trinh	73
trc	73
cảnh	73
cứu	73
điện	73
mê	73
tr	73
hạ	73
tục	73
siêu	72
chữa	72
hóng	72
thuế	72
cs	72
im	72
đỏ	72
tiểu	72
nghi	72
đem	72
chuyên	71
the	71
sắc	71
lợi	71
chia	71
biến	71
top	71
phòng	71
vc	70
tác	70
cầm	69
bả	69
xây	69
lạ	69
dụng	69
đối	69
hàn	69
đỗ	69
dị	68
tấu	68
thất	68
giữ	68
vo	68
nuôi	68
chiến	68
lưu	67
5	67
điên	67
s	67
giấy	67
quen	67
lây	67
ưi	67
trâu	67
nhập	67
bo	67
mô	66
trở	66
chữ	66
đỉnh	66
tầm	66
mở	66
góp	66
mùa	66
ngươ	65
bb	65
be	65
lào	65
dài	65
sam	65
yến	65
lâm	65
biển	65
hưng	65
khóc	64
hùng	64
cay	64
nặng	64
ong	64
đo	64
truyền	64
xúc	64
pháp	64
phụ	64
âm	64
chồng	64
tặng	63
gắng	63
dạo	63
xàm	63
c3	63
cưng	63
8	63
sa	63
dưới	63
chai	63
óc	63
chấp	63
xác	63
mi	63
pham	62
mơ	62
thịt	62
giác	62
cường	61
mèo	61
đòi	61
bùi	61
hẳn	61
địa	61
táo	61
diện	61
kiều	61
bt	61
hô	61
dẫn	60
sát	60
giao	60
khoa	60
corona	60
tịch	60
le	60
ghép	60
vệ	60
bn	60
bàn	60
tuần	60
lóc	59
toi	59
éo	59
chút	59
hoặc	58
đổ	58
trốn	58
hào	58
đập	58
quý	58
vu	58
đơn	58
trăm	58
huỳnh	58
bánh	58
toán	58
uống	58
phép	58
tiệp	58
hong	58
sếp	57
từng	57
khách	57
nợ	57
trông	57
gáy	57
cửa	57
lỗ	56
thánh	56
thận	56
hiệp	56
chê	56
cư	56
kh	56
đặt	56
ghi	56
trụ	56
nhục	56
bụng	55
dấu	55
ghét	55
khùng	55
đặng	55
tân	55
phùng	55
nhiêng	55
vùng	55
phu	55
nạn	55
khong	55
xanh	55
liền	55
ác	55
moi	55
bút	54
lạc	54
dlv	54
hưởng	54
hihi	54
sử	54
tỏ	54
nhin	54
quy	54
quên	54
chương	54
đêm	54
cổ	54
xử	54
tuyệt	54
hư	54
bh	53
dòng	53
tấc	53
kho	53
niên	53
suốt	53
tỉnh	53
phi	53
súng	53
tiêu	53
viện	53
làng	53
mat	53
tra	53
trái	53
rút	52
thề	52
đinh	52
thơ	52
nhũng	52
lá	52
6	52
cậu	52
lừa	52
mộ	52
tim	52
20	52
vị	52
li	52
dành	52
hiểm	52
hoàn	52
voi	52
màu	51
yếu	51
bậy	51
kéo	51
vân	51
9	51
atm	51
wa	51
ngầu	51
tung	51
nhẹ	51
thoi	51
gây	51
giết	51
nghị	51
ngoại	51
add	50
_	50
sách	50
bro	50
ninh	50
xài	50
xỉu	50
lộc	50
kk	50
lập	50
khoẻ	50
hướng	50
vy	50
lu	50
trận	50
cứt	50
ngộ	49
rằng	49
chua	49
môi	49
kịp	49
bô	49
chứng	49
quyết	49
lệ	49
dao	49
nọ	49
trúc	49
gio	49
loan	49
hk	49
tướng	49
nổ	49
sân	49
đu	49
xét	49
thui	49
trách	48
thê	48
cẩn	48
củ	48
mv	48
đầy	48
from	48
sài	48
nghệ	48
nua	48
hệ	48
hữu	48
chục	48
susan	48
lộ	48
nga	48
that	48
cmn	47
nhầm	47
hút	47
sâu	47
triển	47
dậy	47
you	47
dau	47
ánh	47
oke	47
thiết	47
vang	47
hông	47
kiểm	47
đụ	47
chừng	46
thà	46
vơ	46
địch	46
chiếc	46
kế	46
dũng	46
kkkk	46
ngoc	46
tương	46
rùi	46
ngân	46
tuân	46
100	46
viet	45
heo	45
chư	45
van	45
đe	45
sông	45
thâ	45
thắm	45
rô	45
căng	45
lm	45
cam	45
view	45
thơm	45
láo	45
doanh	44
khắc	44
kém	44
thả	44
ổn	44
sương	44
rẻ	44
đít	44
su	44
thú	44
dang	44
nhieu	44
sela	44
đẳng	43
mũi	43
kẻ	43
đái	43
gió	43
cl	43
vòng	43
bạc	43
thâm	43
tiếc	43
biet	43
troi	43
dữ	43
phú	43
tấn	43
dự	43
thang	43
hồn	43
phước	42
lông	42
mk	42
sạch	42
xịn	42
vd	42
thuê	42
thuong	42
iphone	42
phai	42
giữa	42
đám	42
thai	42
tq	42
bởi	42
giọt	42
trắng	42
ve	42
hoi	42
tam	42
ne	41
sờ	41
đế	41
day	41
thủy	41
trợ	41
giảm	41
tận	41
aba	41
lượng	41
thịnh	41
sánh	41
mời	41
hằng	41
trương	41
nát	41
dạ	41
mẫu	40
nút	40
ngôn	40
đoạn	40
mùi	40
lành	40
miễn	40
nao	40
ny	40
tả	40
with	40
sena	40
chặt	40
trộm	40
sữa	40
tránh	40
ngàn	40
trúng	40
đặc	40
chiều	40
dâm	40
khôn	39
thượng	39
trùng	39
chắn	39
nghề	39
tranh	39
nỗi	39
binh	39
dựng	39
ntn	39
loz	39
nứng	39
đài	39
lôi	38
tỉ	38
múa	38
liệu	38
dây	38
loạn	38
méo	38
sửa	38
dính	38
nhắc	38
đùa	38
tớ	38
dư	37
cặc	37
ms	37
bac	37
thối	37
phủ	37
duoc	37
dáng	37
phố	37
mái	37
hí	37
khung	37
bá	37
hn	37
12	37
vâ	37
hello	37
si	37
rảnh	36
lễ	36
bày	36
nhai	36
mù	36
in	36
ty	36
thoát	36
cx	36
hiến	36
manh	36
khô	36
miếng	36
giày	36
chim	36
ui	36
đón	36
lạy	36
đà	36
cục	36
đuôi	36
virus	36
phật	36
lộn	36
đấu	36
tích	36
cẩm	36
mốt	36
can	35
phỏng	35
nóng	35
khen	35
banh	35
bờ	35
ti	35
tiết	35
thống	35
khúc	35
súc	35
song	35
dat	35
trà	35
che	35
dai	35
chuyen	35
nhiệm	35
cute	35
tường	35
nge	34
kính	34
xóa	34
đam	34
nhìu	34
tiê	34
kỷ	34
đảo	34
gốc	34
kiện	34
lô	34
muộn	34
đươ	34
11	34
sub	34
fake	34
nuoc	34
non	34
hiê	34
19	34
cát	34
thă	34
nầy	34
se	34
đú	33
hahaha	33
sở	33
môn	33
lạnh	33
quản	33
ước	33
33	33
tuyên	33
rừng	33
ns	33
hiền	33
hot	33
khu	33
ích	33
bã	33
áp	33
sẻ	33
th	33
nguồn	33
0	33
xứ	33
tốn	33
mưa	33
admin	33
ký	33
giật	33
man	33
cty	33
tàn	33
cưới	33
ao	33
hỏng	33
chọn	33
tấm	33
phút	32
ái	32
bú	32
thúy	32
dẹp	32
ngược	32
trịnh	32
soi	32
đẻ	32
chuột	32
phê	32
cmnr	32
tổng	32
rớt	32
gai	32
cấm	32
trân	32
ảo	32
lão	32
ga	32
thuật	32
béo	32
huynh	32
xì	32
khí	32
kiên	32
đoán	32
lợn	32
dùm	32
chảy	32
nửa	31
mc	31
vượt	31
úc	31
mâ	31
quỷ	31
quái	31
sơ	31
hok	31
sướng	31
khủng	31
nhan	31
qá	31
tuyển	31
cắn	31
covid	31
rộng	31
tuan	31
clear	31
quán	31
cm	31
nghiêm	31
nghìn	31
sẵn	31
tý	31
hân	31
mot	31
b52	31
giám	30
phía	30
linda	30
ứng	30
tạ	30
nho	30
luon	30
giơ	30
huhu	30
củng	30
chet	30
thùy	30
trao	30
len	30
trứng	30
dì	30
râu	30
clm	30
loc	30
nền	30
dục	30
muôn	30
refund	30
nông	30
nô	30
mỏ	30
dien	29
thấp	29
phết	29
đâ	29
giong	29
cám	29
tệ	29
thèm	29
bù	29
kiệt	29
c4	29
bu	29
khựa	29
90	29
đuổi	29
vâng	29
sắm	29
ngại	29
hèn	29
mã	29
í	29
gánh	29
vê	29
cuoi	29
mau	29
50	29
vv	29
băng	29
vai	29
phán	29
đương	29
dõi	29
vkl	29
chém	29
vời	29
mắn	29
tín	29
tạm	29
sóng	28
chau	28
khả	28
chốt	28
cong	28
bon	28
ky	28
85n	28
tôn	28
lưng	28
trừ	28
dở	28
hộp	28
panda	28
tan	28
biê	28
thẳng	28
mu	28
vid	28
than	28
vương	28
share	28
ruột	28
buổi	28
ruồi	28
bích	28
kích	28
quanh	28
lỡ	28
mến	28
đợt	28
gu	28
ngã	28
nhâ	28
17	27
mọc	27
nỗ	27
ziên	27
tươi	27
tán	27
đĩ	27
phóng	27
ngạt	27
núi	27
đậu	27
dong	27
rơi	27
gòn	27
gạo	27
ờ	27
đói	27
hy	27
lượt	27
riết	27
men	27
tắc	27
họp	27
hít	27
cũ	27
dell	27
nét	27
quà	27
xl	27
shop	27
vầy	27
thuộc	27
ung	27
hoan	27
ngoan	27
youtube	27
bẩn	27
thuận	26
cày	26
hứa	26
âu	26
thở	26
đống	26
zậy	26
dô	26
cạnh	26
diệu	26
gương	26
dừng	26
cương	26
hạn	26
ơiii	26
ngột	26
que	26
zô	26
ló	26
thăng	26
cháy	26
diên	26
giặc	26
trực	26
sale	26
đằng	26
xoá	26
30	26
nhịn	26
phuong	26
vẽ	26
tố	26
khanh	26
đk	26
cac	26
há	26
mng	26
chao	26
hòa	26
kèo	26
mh	25
lă	25
chăm	25
chiếm	25
nhảy	25
ship	25
nươ	25
mik	25
háng	25
khoảng	25
điệu	25
tào	25
16	25
levi	25
bông	25
lặng	25
beat	25
ik	25
vlog	25
pro	25
khám	25
bức	25
giận	25
đấm	25
het	25
buồi	25
edit	25
ôm	25
nhở	25
mă	25
hon	25
tag	25
chay	25
tuy	24
lay	24
hôi	24
nhậu	24
tật	24
hè	24
ràng	24
free	24
mức	24
gấp	24
gạt	24
hề	24
chở	24
xóm	24
mụ	24
bai	24
quoc	24
bốc	24
cân	24
ưii	24
đep	24
doi	24
he	24
rụng	24
mõm	24
đư	24
khang	24
vao	24
cập	24
say	24
ngang	23
40	23
g	23
deo	23
cán	23
xả	23
cỏ	23
chàng	23
đứt	23
phường	23
bom	23
trạng	23
khăn	23
trâm	23
ngứa	23
ấm	23
đệ	23
ổ	23
ngài	23
hanh	23
ngờ	23
kĩ	23
ck	23
cú	23
tuong	23
loa	23
cức	23
diệt	23
chúa	23
bước	23
ơiiii	23
dạng	23
mượn	23
câ	23
bang	23
phù	23
kha	23
dối	23
vả	23
hôn	23
bát	23
mực	23
cang	23
ừ	23
nhể	22
nhắn	22
nghiện	22
cãi	22
hước	22
lag	22
hán	22
bạch	22
chang	22
đốt	22
tg	22
mục	22
tổn	22
on	22
viê	22
đích	22
tau	22
lắng	22
giau	22
uyên	22
mieng	22
son	22
rửa	22
hâm	22
ke	22
ki	22
bổ	22
hoc	22
mún	22
hổ	22
nư	22
tụt	22
15	22
show	22
cút	22
rat	22
yeu	22
nhiu	22
xui	22
đụng	22
kê	22
què	22
lòi	22
đạp	22
khắp	21
êi	21
loài	21
tốc	21
bật	21
nguyện	21
cải	21
chuyến	21
tròn	21
bă	21
kỹ	21
sô	21
sbtc	21
tp	21
sung	21
tuyết	21
duong	21
đốc	21
dại	21
căn	21
xíu	21
nể	21
dép	21
bận	21
đàng	21
túi	21
tiger	21
kỉ	21
quật	21
bụi	21
nhảm	21
bãi	21
hang	21
chj	21
cuốn	21
khảo	21
giản	21
hối	21
xĩu	21
truong	21
xung	21
nhị	21
phím	21
quyên	21
món	21
nhạt	21
chăng	21
cau	21
icm	21
xứng	21
cấu	20
thich	20
xếp	20
lầm	20
dái	20
don	20
lái	20
khéo	20
tẩy	20
niềm	20
ấn	20
chớ	20
bar	20
ráng	20
khốn	20
nv	20
liêm	20
ám	20
đcm	20
mĩ	20
muon	20
bào	20
bui	20
tồn	20
hãng	20
đơ	20
cặp	20
chuoi	20
chuc	20
ké	20
câm	20
cuốc	20
tĩnh	20
thẻ	20
khinh	20
rách	20
gắt	20
thưởng	20
zui	20
bảnh	20
14	20
tởm	20
ni	20
tiện	20
thuy	20
canh	20
đền	20
chuyê	20
đố	19
bơ	19
mỏi	19
thù	19
cống	19
vua	19
đù	19
thg	19
lung	19
dầu	19
ngắn	19
hên	19
full	19
rau	19
reaction	19
khoá	19
vĩnh	19
kí	19
sg	19
google	19
lật	19
góc	19
trơ	19
dọn	19
chén	19
râ	19
nhóm	19
nộp	19
lẻ	19
cũg	19
hê	19
avt	19
tro	19
ngáo	19
real	19
face	19
bầu	19
vé	19
lgbt	19
xăng	19
đâm	19
loi	19
off	19
nen	19
nhiê	19
2022	19
phét	18
phò	18
hổng	18
mixigaming	18
dăm	18
xịt	18
alo	18
lờ	18
vĩ	18
bền	18
vẩn	18
túc	18
treo	18
zai	18
ván	18
ngập	18
xuyên	18
búa	18
dập	18
trải	18
pe	18
hảo	18
cap	18
dam	18
thẩm	18
phận	18
sỉ	18
liếm	18
xâm	18
thăm	18
nhường	18
chợ	18
dã	18
tom	18
bênh	18
tày	18
rap	18
hung	18
xảy	18
bó	18
nghiep	18
thách	18
mát	18
dốt	18
nốt	18
tải	18
kiếp	18
núp	18
thấm	18
mé	18
lửa	18
đắt	18
ưu	18
bít	18
bik	18
1tr	18
thờ	18
nà	18
thuyê	18
nhat	18
tờ	18
tiệm	18
zalo	17
nhồi	17
đan	17
hẹn	17
thuỷ	17
gd	17
trym	17
quí	17
nẵng	17
quăng	17
toan	17
den	17
nhiệt	17
mị	17
rui	17
bún	17
nêu	17
dỗi	17
donate	17
vong	17
lau	17
nụ	17
dê	17
bại	17
hàm	17
is	17
tre	17
kaka	17
yen	17
nắm	17
ngữ	17
mồ	17
chùa	17
diêng	17
livestream	17
mãnh	17
apple	17
lính	17
ê	17
bong	17
thp	17
tắm	17
thao	17
lẫn	17
nick	17
lz	17
oan	17
chặn	17
up	17
lủng	17
auto	17
gay	17
mật	17
chời	17
sỹ	17
ưiii	17
hiếp	17
xu	17
hốt	17
trượt	17
mưu	16
ròi	16
vải	16
rep	16
lục	16
ngo	16
mặn	16
màn	16
dể	16
post	16
chùi	16
hahaa	16
lồng	16
thiệu	16
style	16
hehe	16
khổng	16
duc	16
nồi	16
dua	16
gan	16
xương	16
lựa	16
ml	16
ế	16
oanh	16
ph	16
đắc	16
hàu	16
kèm	16
móc	16
dkm	16
dụ	16
lòn	16
ngành	16
chip	16
and	16
trùm	16
bolsa	16
thừa	16
0175	16
mài	16
tv	16
phuc	16
đt	16
ahihi	16
gam	16
comment	16
vực	16
cắp	16
tắt	16
bí	16
thớt	16
nai	16
luân	16
bạo	16
hấp	16
hơ	16
nhím	16
kieu	16
kicm	16
hùm	16
oh	16
phe	16
bóp	16
đồn	15
dừa	15
đéc	15
lì	15
ôn	15
truyện	15
ưa	15
ư	15
kiê	15
đảm	15
gớm	15
mớ	15
rác	15
trôi	15
ưng	15
xhcn	15
phat	15
ham	15
bự	15
tít	15
vội	15
ân	15
rủ	15
girl	15
qa	15
àh	15
bắp	15
mạc	15
pháo	15
gioi	15
ghe	15
thik	15
trưng	15
hú	15
bè	15
lệch	15
2019	15
xò	15
trâ	15
best	15
cọp	15
gói	15
tầng	15
cẩu	15
quạo	15
đả	15
ơii	15
vịt	15
tứ	15
vớ	15
8tr	15
ầm	15
chan	15
ghé	15
nắng	15
2020	15
â	15
thien	15
gờ	15
quận	15
gil	15
đkm	15
alaska	15
dâu	15
xao	15
lồ	15
thô	15
đậm	15
gấu	15
duyệt	14
tuyền	14
gê	14
csvn	14
kkkkk	14
thiet	14
đg	14
giây	14
tk	14
khg	14
lược	14
amen	14
lày	14
luc	14
lối	14
nhái	14
belike	14
gạch	14
khỉ	14
ưiiii	14
review	14
né	14
sâm	14
kẹo	14
kb	14
vững	14
đờ	14
lee	14
rf	14
ngơ	14
anti	14
điệp	14
thím	14
hcm	14
thưa	14
tuyến	14
cột	14
sting	14
chỉnh	14
18	14
khóa	14
ức	14
liềm	14
xi	14
minn	14
dâ	14
triều	14
cỡ	14
00	14
đòn	14
dưng	14
mao	14
khoái	14
pa	14
đèn	14
khuyên	14
giảng	14
cuồng	14
tèo	14
dinh	14
chổ	14
ranh	14
vận	14
chọc	14
gaming	14
san	14
xh	14
tâ	14
hau	14
usd	14
crush	14
hack	14
poppy	14
lùi	14
cơn	14
khiếp	14
làn	14
diệp	14
duyen	14
cạn	14
chiếu	14
pr	14
tê	14
hoà	14
nghen	13
mũ	13
hận	13
cặn	13
gg	13
han	13
hạng	13
suc	13
quyen	13
thoii	13
kp	13
xac	13
nhã	13
sua	13
ngoái	13
chat	13
lãng	13
kout	13
chinh	13
buôn	13
sặc	13
chac	13
hoại	13
nx	13
rọi	13
diễm	13
tống	13
biện	13
uy	13
vã	13
ơiiiii	13
huấn	13
sấy	13
bão	13
nấu	13
error	13
chưởi	13
grab	13
chốn	13
nguyệt	13
vcc	13
baroibeo	13
soát	13
vnch	13
lò	13
ngôi	13
35	13
rượu	13
đáp	13
virut	13
niệm	13
trăng	13
sp	13
99	13
mả	13
gđ	13
ngăn	13
ngó	13
nt	13
đạn	13
indo	13
tieu	13
tang	13
000	13
thải	13
gội	13
thắc	13
max	13
khiến	13
truoc	13
giựt	13
hoạt	13
tủn	13
dắt	13
lơ	13
chô	13
tot	13
lưỡi	13
lisa	13
qq	13
vỡ	13
3k	13
ghế	13
rôi	13
keo	13
dk	13
vạch	13
mina	12
comeback	12
haizzz	12
13	12
đóm	12
lĩnh	12
hao	12
mịa	12
đơm	12
dcm	12
ốc	12
lẹ	12
phẫu	12
cúng	12
đcs	12
quô	12
bồ	12
gõ	12
kem	12
nguyền	12
trào	12
tã	12
cò	12
blue	12
petland	12
bóc	12
dí	12
cắm	12
cj	12
phiên	12
nãy	12
cừi	12
đb	12
tím	12
tóm	12
chánh	12
khối	12
200	12
tym	12
200k	12
vlon	12
giời	12
nhuộm	12
bực	12
đè	12
23	12
csgt	12
chớt	12
trump	12
ghen	12
thuỳ	12
xô	12
bùn	12
ngoai	12
phái	12
uh	12
đớp	12
year	12
bôi	12
ceo	12
thoải	12
ngưỡng	12
mười	12
sim	12
sad	12
win	12
giấu	12
đua	12
giam	12
lọc	12
tám	12
ac	12
bit	12
new	12
happy	12
formosa	12
ỳe	12
gồng	12
đần	12
xau	12
cmm	12
lạm	12
hùa	12
bần	12
sạo	12
bưng	12
trầm	12
test	12
cuong	12
inb	12
tt	12
bỉm	12
uầy	12
sì	12
25	12
khứ	12
sml	12
dịp	12
pho	12
suất	12
giai	12
toa	12
mỡ	12
ép	12
vây	12
tram	11
chảnh	11
hien	11
neu	11
dưỡng	11
nghiên	11
ri	11
online	11
sắt	11
sv	11
ka	11
sky	11
xiên	11
38	11
cúm	11
khau	11
cởi	11
nết	11
f1	11
nyc	11
đmm	11
sập	11
nhờn	11
bể	11
nn	11
trồng	11
phốt	11
cạo	11
zị	11
paula	11
họa	11
hongkong	11
tạp	11
quẩy	11
bói	11
cươ	11
mập	11
khac	11
come	11
lone	11
hở	11
chăn	11
sừng	11
goi	11
nhưg	11
bột	11
vở	11
dj	11
a3	11
hen	11
tren	11
hard	11
hic	11
hứng	11
xích	11
yeah	11
tho	11
vailon	11
pew	11
vốn	11
váy	11
thọ	11
trươ	11
01	11
bia	11
dàn	11
chật	11
gầy	11
cận	11
phấn	11
x	11
lìn	11
cach	11
đỉ	11
chă	11
pc	11
china	11
khoai	11
khởi	11
hù	11
lủ	11
clg	11
sót	11
leo	11
ngửi	11
tuyet	11
hp	11
huong	11
sin	11
thí	11
quynh	11
stt	11
khoan	11
ưiiiii	11
xog	11
bùng	11
khói	11
bấm	11
sọ	11
bám	11
cửu	11
tông	11
dồi	11
chừa	11
chôn	11
tươ	11
bịt	11
c6	11
mò	11
vần	11
vỹ	11
mỳ	11
tuc	11
sấu	11
nghiêng	11
34	11
sanh	11
thiê	11
quất	11
côn	11
ji	11
oto	11
net	11
thpt	11
xo	11
mệnh	10
trá	10
nhặt	10
um	10
tơ	10
hêt	10
dẻo	10
trấn	10
đag	10
thanhhuy	10
lôn	10
bảy	10
hãm	10
choi	10
nâng	10
1000	10
call	10
gác	10
kịch	10
hoai	10
vứt	10
kkkkkk	10
chấm	10
giáng	10
khoang	10
húp	10
bọ	10
rãnh	10
nang	10
kín	10
nta	10
te	10
chuong	10
vđ	10
kien	10
dàng	10
assmin	10
vietnam	10
check	10
xuong	10
one	10
đă	10
cover	10
lầy	10
khét	10
time	10
doan	10
cất	10
tái	10
official	10
bơi	10
hòm	10
vạn	10
liệt	10
cug	10
biên	10
hây	10
bâ	10
mac	10
bế	10
nhẽo	10
tn	10
bậc	10
ngọt	10
vét	10
this	10
cốc	10
quài	10
mui	10
thôn	10
qc	10
vác	10
nek	10
hu	10
chanh	10
tráng	10
ó	10
cản	10
train	10
bái	10
chot	10
ây	10
bồi	10
cớ	10
of	10
quét	10
đếm	10
it	10
huyện	10
sóc	10
trại	10
duoi	10
giùm	10
vỗ	10
homie	10
hit	10
vcsa	10
pk	10
fai	10
eo	10
thây	10
300k	10
viêt	10
ị	10
giấc	10
hom	10
liễu	10
ei	10
nan	10
mọe	10
miê	10
j97	10
haizz	10
dislike	10
hủy	10
lót	10
ấu	10
nghiê	10
giáp	10
kháng	10
ku	10
haiz	10
chửa	10
quâ	10
hé	10
hinh	10
bới	10
trơn	9
arsenal	9
chấn	9
zay	9
buộc	9
chối	9
đh	9
care	9
black	9
châ	9
lường	9
cáu	9
nít	9
gục	9
chym	9
văng	9
mùng	9
hỗn	9
wá	9
tphcm	9
đung	9
dỗ	9
hiển	9
28	9
bede	9
đúg	9
trật	9
nhuệ	9
điêu	9
trọc	9
thầm	9
hnay	9
ls	9
hoy	9
ngậm	9
ngựa	9
500	9
ben	9
phun	9
khải	9
ớ	9
thụ	9
chuâ	9
khôi	9
ngan	9
đút	9
nhàng	9
khán	9
tia	9
rước	9
thúi	9
chong	9
cuoc	9
ngư	9
chịch	9
tuý	9
td	9
xôi	9
ngực	9
hahahaha	9
đũa	9
lẩu	9
hl	9
thoáng	9
trẩu	9
mộc	9
doc	9
ví	9
chợt	9
go	9
mắm	9
dich	9
tat	9
chè	9
qui	9
22	9
mẻ	9
burn	9
cdm	9
fc	9
sườn	9
sàm	9
group	9
xoay	9
nhàn	9
điê	9
họng	9
dời	9
lọt	9
eat	9
thợ	9
nhăn	9
rủa	9
tùy	9
29	9
gắn	9
vvv	9
cáp	9
nấy	9
cử	9
đẩy	9
lốc	9
nở	9
nạp	9
cốt	9
thong	9
pubg	9
nhựt	9
chạm	9
duke	9
sdt	9
mờ	9
chíp	9
lang	9
mại	9
st	9
sonic	9
bẻ	9
quyê	9
đệt	9
chưi	9
luyện	9
ngầm	9
lú	9
hs	9
liu	9
ngt	9
mãn	9
ồ	9
streamer	9
trộn	9
loai	9
rạp	9
ngheo	8
nhơ	8
mít	8
thoa	8
dn	8
500k	8
kenny	8
ct	8
ò	8
vch	8
rối	8
mói	8
đãng	8
bat	8
info	8
benh	8
chước	8
cừ	8
cđ	8
tru	8
who	8
mtp	8
qúy	8
lanh	8
hắn	8
re	8
lách	8
nhism	8
bjo	8
hót	8
mom	8
cko	8
đểu	8
lội	8
lói	8
nôn	8
tựa	8
ngán	8
400	8
riêu	8
all	8
mư	8
hòn	8
ôg	8
phức	8
taxi	8
huống	8
khuya	8
dieu	8
cat	8
khoảnh	8
huân	8
lâ	8
rì	8
thậm	8
sạc	8
wow	8
nhẫn	8
hiếm	8
miệt	8
lột	8
hoạn	8
thảm	8
xua	8
sk	8
lăn	8
dú	8
mông	8
am	8
skt	8
for	8
nghịch	8
khuôn	8
10k	8
đét	8
mối	8
bồn	8
meo	8
xách	8
nàng	8
tùm	8
trống	8
khiếu	8
bì	8
thổi	8
75	8
vờ	8
onl	8
ganh	8
rời	8
out	8
park	8
trư	8
bảng	8
bk	8
xông	8
khích	8
bim	8
tụ	8
sục	8
đoan	8
khuyết	8
hủ	8
ay	8
ẩn	8
múi	8
3tr	8
mini	8
móng	8
dth	8
rồng	8
2013	8
rành	8
b0	8
tap	8
bến	8
mây	8
triết	8
cào	8
bot	8
vat	8
ngươi	8
kao	8
phang	8
trì	8
gầm	8
chìm	8
nghiệt	8
cut	8
nhaa	8
2k1	8
hoạch	8
lệnh	8
thuan	8
gởi	8
lấn	8
phó	8
sàng	8
nhuận	8
24	8
cn	8
lõi	8
lứng	8
láy	8
nu	8
đmcs	8
hiu	8
uổng	8
cựu	8
gỡ	8
chơ	8
ống	8
triê	8
vại	8
dựa	8
mầy	8
xám	8
đom	8
a5n	8
a0ng	8
chiê	8
đĩa	8
ngẫm	8
trog	8
ccc	8
đai	8
cuu	8
camera	8
bèo	8
chiu	8
kong	8
qúa	8
săn	8
rứa	8
tứk	8
ank	7
ido	7
đùng	7
nhô	7
tém	7
mr	7
iq	7
thuyền	7
màng	7
mien	7
tốp	7
nham	7
gô	7
viec	7
phao	7
bển	7
mon	7
giành	7
thuc	7
hường	7
fa	7
tá	7
hơm	7
tks	7
giông	7
phượng	7
cùi	7
39	7
mợ	7
nuốt	7
đách	7
mí	7
nhét	7
kon	7
nhàm	7
luu	7
cưỡi	7
xoáy	7
chien	7
úp	7
logo	7
20k	7
24h	7
càn	7
rốt	7
ace	7
mụn	7
50k	7
mẽo	7
hò	7
đáo	7
back	7
dt	7
bạ	7
nâ	7
rưỡi	7
dạn	7
nực	7
chưởng	7
doạ	7
điển	7
nhấn	7
ời	7
toả	7
vườn	7
chen	7
hầu	7
cháo	7
vặt	7
luông	7
mobi	7
pải	7
mần	7
lốp	7
nỡ	7
hq	7
phối	7
garena	7
rắn	7
gân	7
combo	7
xỏ	7
giặt	7
95	7
zi	7
60	7
cổng	7
cóc	7
trích	7
tuyê	7
nản	7
vuốt	7
mcvmedia	7
ditme	7
muô	7
wifi	7
phâ	7
too	7
xỉ	7
ủ	7
mảnh	7
vll	7
lùng	7
kẹt	7
lậy	7
q	7
đao	7
nấm	7
lien	7
vất	7
trêu	7
niêm	7
film	7
ngoa	7
moá	7
dĩ	7
bấy	7
dược	7
viêm	7
dit	7
gucci	7
bếp	7
té	7
cali	7
ngừoi	7
ớn	7
thầu	7
chần	7
duma	7
cg	7
thanks	7
bợ	7
ẳng	7
giãy	7
thùng	7
lãi	7
vỉa	7
thiểu	7
fanpage	7
nk	7
ngón	7
hầy	7
đhs	7
hì	7
nhì	7
lề	7
xù	7
chóng	7
trieu	7
chà	7
hó	7
dum	7
táng	7
rầu	7
fl	7
sốt	7
thy	7
gãy	7
mầm	7
yes	7
nhuc	7
đoạt	7
album	7
ương	7
sầu	7
trừng	7
sò	7
ới	7
đanh	7
hỉu	7
made	7
rank	7
xư	7
bướm	7
bừa	7
ten	7
oki	7
she	7
giỡn	7
kiu	7
đay	7
bổn	7
rang	7
mổ	7
vòi	7
cayy	7
sing	7
za	7
lữ	7
cuc	7
đuoc	7
ốm	7
tràn	7
thự	7
hưu	7
clmm	7
make	6
tiktok	6
mih	6
quỹ	6
skin	6
cọng	6
phèo	6
lè	6
c5	6
cv	6
cúc	6
red	6
lắc	6
lew	6
rực	6
nê	6
úi	6
toà	6
đực	6
thexuandoan	6
hỏa	6
nách	6
rợ	6
rần	6
ném	6
soạn	6
572	6
xá	6
thít	6
dè	6
ci	6
lùn	6
nhok	6
út	6
bd	6
tòa	6
ói	6
vắng	6
bung	6
tị	6
hqua	6
kô	6
tong	6
lều	6
quỳ	6
rận	6
hâhha	6
vali	6
bv	6
31	6
đoa	6
lố	6
gat	6
độn	6
siu	6
mừ	6
wtf	6
thính	6
phở	6
khớp	6
not	6
xai	6
qué	6
noble	6
mìh	6
pua	6
ák	6
code	6
thue	6
tsn	6
cave	6
sịn	6
ngũ	6
lăng	6
xiu	6
lận	6
đùi	6
ngưu	6
liều	6
chụt	6
nhây	6
nhg	6
ak47	6
quách	6
dờ	6
die	6
100k	6
mìn	6
xuan	6
đắng	6
hãnh	6
đâuu	6
dầng	6
ngai	6
thặc	6
anhh	6
gâu	6
03	6
nguyê	6
nhen	6
thốn	6
nử	6
nhắm	6
ngóc	6
tháo	6
chùm	6
thinh	6
giu	6
ghet	6
dìa	6
bịnh	6
ngỡ	6
lắp	6
hiêu	6
tỏa	6
wc	6
nhaaa	6
ngõ	6
gold	6
good	6
gìn	6
mem	6
lén	6
dmm	6
chêt	6
hỉ	6
hố	6
hụt	6
xé	6
80	6
vú	6
trễ	6
khà	6
xưng	6
thụt	6
vấp	6
aa	6
ngợm	6
eii	6
nhẽ	6
giup	6
boom	6
chủng	6
đr	6
viễn	6
qu	6
chuỗi	6
kiep	6
del	6
brand	6
ướt	6
lêu	6
lít	6
hat	6
house	6
nướng	6
thoai	6
hoaprox	6
teo	6
êiii	6
đầm	6
xí	6
or	6
gă	6
98	6
ngao	6
tar	6
rong	6
xéo	6
ria	6
rờ	6
thót	6
mẽ	6
netflix	6
thuý	6
hă	6
đn	6
bean	6
gậy	6
ngục	6
giâ	6
campuchia	6
nhơn	6
đờn	6
nail	6
khoc	6
thiệp	6
khập	6
luong	6
gap	6
gon	6
chùng	6
cài	6
ní	6
moon	6
nhạy	6
dầy	6
tần	6
chữi	6
sạn	6
hét	6
ngoi	6
doãn	6
ln	6
lười	6
hỗ	6
ngợi	6
nhỡ	6
70	6
chọi	6
tream	6
nhốt	6
nhọ	6
khống	6
nhọn	6
diêm	6
phiếu	6
rung	6
mvp	6
faker	6
xoa	6
anhquân	6
hjhj	6
tuệ	6
suối	6
rùa	6
lieu	6
chiêu	6
dap	6
hiep	6
rambo	6
trg	6
maruko	6
uốn	6
cuời	6
tòi	6
đoá	6
thuần	6
ob	6
boy	6
nhịp	6
sưu	6
phụng	6
vá	6
tiêm	6
đếch	6
nghênh	6
trợn	6
bỏng	6
chụy	6
emm	6
inbox	6
hửi	6
vạy	6
vươn	6
thuoc	6
2tr	6
oc	6
giường	6
vien	6
bổng	6
dào	6
troll	6
youtu	6
bts	6
thập	6
sôi	6
tuột	5
rỡ	5
lát	5
dày	5
500tr	5
2016	5
a9c	5
sợi	5
boác	5
lip	5
kìm	5
niềng	5
cuô	5
chứa	5
huệ	5
dut	5
kiem	5
chem	5
dẻ	5
sọc	5
khoản	5
trưa	5
nhac	5
nón	5
huyết	5
97	5
makeup	5
mung	5
chụ	5
dũ	5
ia	5
ghiền	5
10h	5
yep	5
chug	5
xạ	5
dăn	5
hem	5
please	5
ngưng	5
even	5
đấng	5
susan0175	5
lạng	5
cmnl	5
tâc	5
hắt	5
còng	5
oiiiii	5
feed	5
bỗng	5
friend	5
xít	5
italy	5
hh	5
lèo	5
vocal	5
her	5
tè	5
đành	5
phẳng	5
ơiiiiii	5
kristen	5
julia	5
700	5
stress	5
gòi	5
vênh	5
dy	5
fifa	5
trầng	5
local	5
300	5
khuẩn	5
rut	5
kông	5
đãi	5
yết	5
hmmm	5
àk	5
hiem	5
ngừng	5
vest	5
đuỹ	5
ặc	5
miên	5
xà	5
gò	5
vlin	5
nude	5
panba	5
chưng	5
thổ	5
ụ	5
jk	5
hâ	5
rp	5
fashion	5
champ	5
thạch	5
anna	5
dubai	5
phác	5
điếc	5
yt	5
mịn	5
nong	5
khâm	5
diều	5
nguỵ	5
chủi	5
cành	5
dragon	5
đii	5
dạt	5
trending	5
pé	5
9dng	5
phơi	5
cocc	5
about	5
lóp	5
nhò	5
chiêm	5
buon	5
size	5
fpt	5
ắt	5
mun	5
tiep	5
bỉ	5
a1m	5
sat	5
lứa	5
xum	5
phụt	5
lư	5
uiii	5
kute	5
ngây	5
a9	5
ngóng	5
tạc	5
nhap	5
phiền	5
tuii	5
captain	5
fu	5
tà	5
vư	5
xê	5
acp	5
21	5
phệ	5
khấu	5
luyến	5
eu	5
tuỳ	5
ruộng	5
nề	5
cb	5
150k	5
rẽ	5
sấm	5
lộng	5
ngơi	5
cưỡng	5
sđt	5
keu	5
sida	5
viruss	5
phổ	5
vk	5
never	5
rắc	5
vỏ	5
night	5
lh	5
chuồn	5
unlike	5
phobolsatv	5
dag	5
x2	5
lướt	5
đẩu	5
ỏi	5
bl	5
niu	5
cã	5
êy	5
thank	5
sen	5
hâhhaa	5
gato	5
tủ	5
oda	5
đứcanh	5
chuối	5
bành	5
jo	5
đúc	5
tịt	5
dlike	5
lỏng	5
chon	5
ẹ	5
sl	5
nhaaaa	5
ộ	5
xam	5
biếc	5
dzui	5
tich	5
lẹo	5
5k	5
hhh	5
lươn	5
cafe	5
run	5
ngà	5
rơ	5
slot	5
môt	5
lozz	5
lơi	5
nhức	5
ngạn	5
zạ	5
dọng	5
comcom	5
dui	5
hoành	5
lừ	5
bư	5
bj	5
lù	5
want	5
by	5
uii	5
update	5
mè	5
dem	5
ă	5
dr	5
cọc	5
uk	5
ngụy	5
ez	5
thuân	5
khía	5
đáy	5
gớt	5
ngửa	5
thôii	5
luan	5
bén	5
đắp	5
rãi	5
miss	5
pass	5
thói	5
diem	5
tbcn	5
lọ	5
allstar	5
search	5
kakaka	5
phắc	5
dmcs	5
xăm	5
luônnn	5
sàn	5
hệt	5
vlll	5
kiêu	5
trồ	5
dolce	5
băc	5
lụt	5
át	5
phô	5
ven	5
rich	5
dọc	5
cđm	5
vler	5
khuê	5
giãn	5
singapore	5
rât	5
bọt	5
tae	5
toc	5
n17	5
phuoc	5
ngãi	5
bưu	5
ks	5
boss	5
êm	5
gom	5
viu	5
lua	5
khan	5
chác	5
mộng	5
lả	5
quỳnhh	5
trú	5
quynhanh	5
đỷ	5
noel	5
nọc	5
vắt	5
joke	5
bốn	5
thíc	4
ối	4
đên	4
nín	4
dthw	4
hihihi	4
kkkkkkk	4
hoãn	4
loạt	4
nich	4
lươ	4
tuâ	4
chịt	4
lum	4
trach	4
mâu	4
tiu	4
ken	4
dẩn	4
mềm	4
vạ	4
hất	4
chử	4
15p	4
xào	4
showbiz	4
culi	4
hop	4
nhaaaaa	4
tầu	4
gruop	4
tron	4
măt	4
lặn	4
uyển	4
niê	4
ry	4
kbt	4
lạt	4
tc	4
saigon	4
bưởi	4
bcs	4
adm	4
balo	4
ro	4
mlem	4
chài	4
cbi	4
nhột	4
cmnd	4
light	4
but	4
suk	4
ziêng	4
thúc	4
cừu	4
web	4
md	4
xxx	4
dử	4
tik	4
vnd	4
cúi	4
duo	4
wall	4
kề	4
mẫn	4
2k5	4
đẽ	4
hahaaa	4
tơi	4
zời	4
hd	4
đíu	4
rưởi	4
okk	4
lựu	4
bla	4
shrimp	4
khuất	4
nă	4
tiềm	4
nối	4
củi	4
luat	4
snake	4
húc	4
nhãn	4
annh	4
chuan	4
xuôi	4
rỗi	4
caj	4
a0i	4
thag	4
mướn	4
huyen	4
kc	4
93	4
chiên	4
333	4
nhông	4
thằg	4
nka	4
trạm	4
ả	4
xém	4
hue	4
sốp	4
report	4
number	4
đtrai	4
tbt	4
đựng	4
xaolol	4
khuyến	4
trô	4
now	4
mậy	4
yeh	4
noãn	4
khư	4
gdinh	4
buff	4
hớt	4
sőng	4
lảnh	4
đở	4
uyen	4
vtv	4
giã	4
oce	4
giô	4
táp	4
zề	4
vacxin	4
54	4
cccđ	4
rua	4
mều	4
bìnhh	4
bme	4
bg	4
dằn	4
mix	4
mjh	4
thap	4
tuoi	4
hah	4
đươc	4
chuỵ	4
muối	4
mỉa	4
bịa	4
nịnh	4
lmht	4
3000	4
nưa	4
huế	4
khoác	4
mus	4
helo	4
engraving	4
gao	4
dia	4
tem	4
ngất	4
dề	4
dựt	4
bạng	4
henry	4
moẹ	4
play	4
rỗng	4
khiêu	4
chivas	4
đôn	4
comback	4
x6	4
thép	4
ce	4
sea	4
ngắm	4
rả	4
tivi	4
quạ	4
nhiem	4
robot	4
photoshop	4
koi	4
nắp	4
quạt	4
tea	4
léo	4
giò	4
story	4
mồi	4
wua	4
ộp	4
anhhhh	4
ơiiiiiii	4
hoạ	4
drama	4
nch	4
khẳng	4
hạch	4
hãi	4
sever	4
tuyen	4
bcuoi	4
a2n	4
100032131115918	4
thỳ	4
cạp	4
vượng	4
tủnn	4
nóc	4
dốc	4
đit	4
trơi	4
khều	4
hqa	4
nôi	4
200kg	4
bhxh	4
cúp	4
hẵng	4
hạt	4
gọn	4
chun	4
thugiang	4
dd	4
oánh	4
36	4
thw	4
covid19	4
anhhh	4
samsung	4
b4	4
card	4
sy	4
anh3	4
qđ	4
dùi	4
drakin	4
a0n	4
lé	4
xâu	4
trù	4
macro	4
32	4
selaaaa	4
hey	4
ru	4
f	4
suong	4
tus	4
fame	4
nghành	4
quơ	4
ape	4
đục	4
zạy	4
hc	4
toilet	4
tuiii	4
iem	4
a1nh	4
zăn	4
producer	4
kid	4
qtrong	4
thò	4
mỷ	4
tgian	4
sex	4
tồi	4
bait	4
đì	4
vinahouse	4
hạc	4
nhằm	4
nắc	4
khẽ	4
zo	4
giầu	4
mủi	4
55	4
lùm	4
gỗ	4
mạt	4
tđn	4
chx	4
oiiii	4
lác	4
nhâm	4
hỡi	4
láng	4
đuối	4
ạh	4
ang	4
cook	4
hỏ	4
lăm	4
high	4
rồii	4
gào	4
ồi	4
cợt	4
grap	4
hlv	4
iêu	4
thèn	4
bich	4
tl	4
nhãm	4
chênh	4
cụm	4
51	4
ạc	4
hhhh	4
hắc	4
ua	4
khoi	4
chuyền	4
khè	4
clgv	4
nhoa	4
5tr	4
xót	4
oách	4
cak	4
hahah	4
quẹt	4
are	4
vưa	4
tua	4
sap	4
hâha	4
kick	4
nobel	4
chèn	4
mẩy	4
rã	4
hã	4
qh	4
sapa	4
khiễng	4
nghĩnh	4
xay	4
xẻng	4
quyển	4
9x5	4
probuild	4
ngam	4
dấn	4
chọt	4
điếu	4
sach	4
zầy	4
lánh	4
lui	4
gạ	4
trọn	4
fải	4
japan	4
yo	4
ラム	4
thât	4
thốt	4
very	4
nhuyễn	4
nhữ	4
honda	4
rìa	4
kím	4
ホアン	4
dòi	4
45	4
event	4
lđ	4
đx	4
2k	4
êii	4
1975	4
dzị	4
gke	4
beautiful	4
05	4
sụp	4
sirô	4
what	4
thục	4
xộn	4
nồng	4
phãi	4
thác	4
trán	4
met	4
lầu	4
chớp	4
khoanh	4
rip	4
oán	4
trau	4
adidaphat	4
follow	4
tieng	4
xồn	4
ngáy	4
gr	4
nài	4
khug	4
chực	4
quai	4
gông	4
band	4
400k	4
đơi	4
tạng	4
đjt	4
korea	4
tuu	4
tép	4
40k	4
bịp	4
tánh	4
thoả	4
chuồng	4
múp	4
dứt	4
mâm	4
icon	4
we	4
nd	4
tát	4
rình	4
lin	4
còii	4
djchip	4
quãng	4
ghim	4
2h	4
cno	4
giầy	4
buô	4
tàng	4
că	4
đệm	4
kris	4
dúng	4
bội	4
phep	3
gặm	3
thạnh	3
xs	3
ớt	3
miêng	3
dx	3
have	3
sum	3
dội	3
tretrau	3
thôiiii	3
vff	3
pảnh	3
99c	3
sịp	3
ey	3
èo	3
tgdd	3
demo	3
klq	3
ngạc	3
800	3
nkyn	3
tọa	3
đuợc	3
nghiền	3
rà	3
ủi	3
km	3
150	3
nện	3
anthony	3
cht	3
phẫn	3
mềnh	3
ciu	3
mạo	3
trien	3
nas	3
sốc	3
xưn	3
bẫy	3
sỉu	3
el	3
8b	3
coronavirus	3
nộ	3
offline	3
thòi	3
miết	3
xái	3
bach	3
nhữg	3
custom	3
thieu	3
uô	3
chetme	3
thuô	3
avatar	3
nat	3
mía	3
nây	3
ft	3
tẹt	3
lap	3
tiênn	3
đme	3
rk	3
chững	3
mag	3
sưng	3
zs	3
ỉ	3
riot	3
đuỵt	3
lết	3
dink	3
ứa	3
8h	3
mode	3
phung	3
cop	3
bách	3
vẹn	3
thươ	3
hkt	3
khít	3
ngưoi	3
okela	3
katm	3
jerry	3
ngố	3
soái	3
trữ	3
where	3
điiiii	3
kok	3
games	3
trục	3
bagà	3
xn	3
ngoáy	3
why	3
debut	3
nhiểm	3
díu	3
túp	3
rồ	3
bợn	3
lừng	3
bịch	3
pà	3
ngẫu	3
cacban	3
cuccut	3
đếy	3
dúi	3
chiện	3
chề	3
chieu	3
nghiêp	3
tiếu	3
điếm	3
more	3
lily	3
luck	3
nhay	3
qg	3
dịu	3
đậy	3
mỏm	3
đàm	3
bm	3
fbi	3
20cm	3
sọt	3
đớn	3
luâ	3
vè	3
ngông	3
hóc	3
gồm	3
dog	3
quạu	3
kakaa	3
đọ	3
đek	3
vcd	3
dom	3
war	3
cr	3
trê	3
100034095737612	3
lom	3
tành	3
bieu	3
hụi	3
thản	3
gối	3
đcmm	3
min	3
hj	3
oy	3
lq	3
a7n	3
giễu	3
logic	3
tụng	3
shipper	3
vip	3
suô	3
alone	3
pin	3
hui	3
thỏ	3
xamlol	3
69	3
băm	3
ncov	3
nhược	3
ố	3
sorry	3
rưng	3
nhượng	3
lồnn	3
cui	3
vlone	3
đz	3
oai	3
star	3
ợ	3
coca	3
đính	3
xen	3
sac	3
ẻm	3
tháii	3
ẩm	3
trailer	3
dươ	3
thuiii	3
funny	3
rim	3
máng	3
yêuu	3
chanel	3
sx	3
vius	3
chừ	3
mòn	3
status	3
ngọn	3
ben10	3
kay	3
vịnh	3
sổ	3
tỵ	3
sem	3
choc	3
đúp	3
tạt	3
johnathan	3
600	3
thấu	3
nhủ	3
nứa	3
dưa	3
thuẫn	3
hạo	3
vít	3
vp	3
sis	3
thuyên	3
65k	3
deep	3
trẽn	3
un	3
nhiêm	3
hacker	3
neo	3
khâu	3
cham	3
try	3
thuơg	3
tuấnanh	3
nsnd	3
nùi	3
okey	3
xuyến	3
cộc	3
giềng	3
khâ	3
vung	3
kiêm	3
funky	3
zấn	3
dg	3
maria	3
dizz	3
london	3
hiii	3
ngoãn	3
mjnh	3
hnao	3
hột	3
tò	3
găm	3
bưa	3
xó	3
dõ	3
chăc	3
ồn	3
vẹo	3
ngớ	3
react	3
ghẻ	3
ngkhac	3
emmm	3
tịp	3
xế	3
vailone	3
sút	3
đột	3
maii	3
toẹt	3
rạch	3
típ	3
chắt	3
sáp	3
gôm	3
nàn	3
lx	3
ncov19	3
háo	3
vơi	3
dẫu	3
rét	3
uoc	3
laptop	3
mę	3
1k	3
miến	3
bệ	3
nhóc	3
duck	3
bón	3
vin	3
amazon	3
concac	3
tặc	3
rợn	3
búng	3
dũa	3
tuộc	3
luống	3
đuờng	3
summer	3
trãi	3
đổng	3
nimo	3
shjt	3
đy	3
hoắc	3
tút	3
cội	3
nguyển	3
bomman	3
3781	3
dancer	3
83n	3
90o	3
ngạ	3
looks	3
ncc	3
tĩu	3
bướu	3
toét	3
chéo	3
rose	3
dặm	3
séc	3
pạn	3
bét	3
hám	3
bạt	3
hoangg	3
ụa	3
cối	3
pig	3
87t	3
8bnh	3
trum	3
lih	3
chuông	3
106	3
dzay	3
food	3
100028943288701	3
kíp	3
huyê	3
lấp	3
rào	3
kphai	3
9x	3
knock	3
eiii	3
block	3
nhả	3
nhong	3
thộn	3
rùiiii	3
khểnh	3
blu	3
93ng	3
popy	3
young	3
haizzzz	3
dãi	3
gầu	3
chẵng	3
nhéee	3
thía	3
jì	3
shy	3
order	3
shaco	3
hớ	3
líp	3
luộc	3
covit	3
giàn	3
airvisual	3
đâyyyy	3
tainhot2k1	3
rầm	3
3p	3
ket	3
nớ	3
trính	3
quầy	3
giangg	3
88	3
trunq	3
lozzzz	3
nhình	3
cẹt	3
băn	3
cp	3
viettel	3
cmnm	3
đel	3
hulk	3
baaaa	3
vái	3
xuồng	3
chiem	3
set	3
sời	3
ntnao	3
key	3
bmw	3
nứt	3
gơ	3
xát	3
02	3
louis	3
4tr	3
book	3
gif	3
tet	3
2015	3
thước	3
iuuuu	3
quânanh	3
khơi	3
valentine	3
dogy	3
nidalee	3
xúi	3
chill	3
nl	3
silicon	3
rịa	3
2000	3
tât	3
bẹn	3
07	3
cậy	3
zũ	3
vđề	3
lich	3
đùm	3
rếu	3
a3o	3
truc	3
spam	3
tưng	3
khua	3
six	3
nhang	3
healthy	3
trug	3
hazzz	3
euro	3
cồn	3
êyyy	3
in4	3
trungg	3
bêu	3
khj	3
a1t	3
later	3
reply	3
nhào	3
nhug	3
a3i	3
uốg	3
home	3
will	3
at	3
điểu	3
rải	3
ếch	3
xoăn	3
nuận	3
phách	3
name	3
abee	3
chây	3
quôc	3
hayy	3
baby	3
sứ	3
lốt	3
2xx	3
suýt	3
canion	3
t2	3
lúp	3
thiêng	3
chướng	3
6x	3
bin	3
să	3
nháo	3
nhẹt	3
pewpew	3
đễ	3
trạch	3
deso	3
loãng	3
mak	3
ton	3
lép	3
sóp	3
buồng	3
bời	3
nì	3
bẩm	3
know	3
lucky	3
nike	3
thôiii	3
level	3
nghê	3
điii	3
săm	3
trổ	3
bựa	3
pt	3
jonathan	3
chín	3
rẫy	3
tb	3
bâu	3
cấy	3
84	3
khôg	3
streaming	3
thuở	3
ngặt	3
tml	3
oker	3
om	3
gấm	3
phỉ	3
umê	3
nhủng	3
vie	3
usa	3
youtuber	3
kẹp	3
cảng	3
thj	3
lồi	3
en	3
cấn	3
hép	3
niem	3
sn	3
2n	3
bâyh	3
rèn	3
chốc	3
cuội	3
sồn	3
qnt	3
đản	3
kẹc	3
dới	3
vt	3
dợ	3
lổ	3
súp	3
cỗ	3
gượng	3
toy	3
hoả	3
kq	3
nhề	3
quế	3
oii	3
sấp	3
mạ	3
ngáp	3
rán	3
ngâm	3
ukm	3
chông	3
tw	3
solo	3
truy	3
pít	3
quắc	3
hazz	3
chít	3
ĩ	3
hổn	3
av	3
qt	3
nhợ	3
hix	3
fuho	3
hmm	3
pts	3
rập	3
nguô	3
hôg	3
cuop	3
vlol	3
chut	3
htrc	3
ts	3
huỷ	3
tiec	3
10tr	3
kè	3
city	3
hoảng	3
ahn	3
diss	3
sb	3
dỡ	3
paris	3
khửa	3
đuong	3
chưỡi	3
a4	3
visa	3
phồn	3
ngào	3
buoi	3
ịt	3
ưiiiiiii	3
zồi	3
khờ	3
loằng	3
sáu	3
ngọng	3
koo	3
chát	3
mark	3
30p	3
hâu	3
sán	3
sud	3
púck	3
fuck	3
bửa	3
êiiiii	3
hiccc	3
cta	3
ì	3
xiền	3
rộ	3
double	3
mask	3
trk	3
lã	3
him	3
muống	3
ngoằng	3
cự	3
nhí	3
giốg	3
gián	3
moc	3
răn	3
165	3
vcđ	3
minaa	2
78	2
duii	2
thor	2
hòi	2
saooo	2
nhii	2
uon	2
bờmm	2
og	2
sỏ	2
miêu	2
nghẹo	2
theanh28	2
aaaaashiba	2
lik	2
k7	2
bề	2
linkkk	2
esport	2
hoèn	2
chn	2
bđ	2
9h	2
tẩm	2
cẹc	2
chắng	2
xoắn	2
zẽ	2
cool	2
nhổng	2
dọa	2
choá	2
zoi	2
mẹc	2
nextgen	2
shopping	2
golden	2
nhưnh	2
yamete	2
lineup	2
gv	2
thỏa	2
vắn	2
kudasai	2
tóp	2
cdmm	2
hasagi	2
abr	2
1km	2
chồg	2
caooo	2
bikini	2
đồi	2
mes	2
ôxy	2
túy	2
xấy	2
tọ	2
xược	2
7k	2
huyềnn	2
vh	2
nẳng	2
ip	2
2018	2
gala	2
đốm	2
nhửng	2
2017	2
gập	2
đêu	2
heng	2
merry	2
nếp	2
irs	2
giảg	2
khát	2
xắc	2
gaga	2
lat	2
naut	2
boo	2
rankkk	2
xun	2
nhieuy6	2
91	2
eng	2
hyundai	2
vcccc	2
zoe	2
putin	2
quính	2
oiiiiiiiii	2
đâyy	2
lôz	2
l4	2
ジェイ	2
tok	2
phồng	2
xoi	2
aatrox	2
đill	2
bẽo	2
móa	2
đjs	2
gamming	2
ads	2
squad	2
zara	2
ruyel	2
đệch	2
trội	2
bớ	2
bíu	2
hị	2
74	2
phase	2
ホープ	2
chii	2
akhah	2
hoàngquân	2
ashe	2
fansixlong	2
châuu	2
jax	2
gư	2
xuka	2
quýt	2
dà	2
cf	2
nhoé	2
liverpool	2
hoong	2
quàng	2
hử	2
thoảng	2
cê	2
póng	2
từg	2
chúg	2
mâý	2
òa	2
friends	2
lảm	2
gh	2
jjleo	2
kich	2
diếm	2
nhânm	2
nekk	2
781	2
2k3	2
gài	2
ncovid	2
bake	2
dug	2
goc	2
chz	2
chyền	2
cở	2
rốn	2
nhát	2
mỉm	2
vitamin	2
trộ	2
đoi	2
trịu	2
rồiiiii	2
ảb	2
kn	2
nhèo	2
đẩng	2
voliber	2
khắm	2
châm	2
nonolive	2
prô	2
thúê	2
dớt	2
mễ	2
rụn	2
justin	2
bad	2
lún	2
flag	2
becks	2
ứ	2
thk	2
tươm	2
iran	2
hởi	2
bảox	2
tkay	2
jao	2
bezt	2
tró	2
hầm	2
dad	2
daxau	2
mb	2
tăm	2
nếm	2
lquan	2
quỵ	2
chap	2
dĩa	2
salon	2
êh	2
vuittion	2
adidas	2
heloo	2
sly	2
hotboy	2
mệ	2
tutu	2
something	2
gả	2
gdp	2
nhạ	2
bìa	2
tời	2
tiêp	2
đợ	2
dắc	2
cị	2
venom	2
same	2
keng	2
nạnh	2
nhác	2
lước	2
năn	2
vaicalon	2
bamtp	2
boxit	2
pick	2
đóa	2
cũngg	2
xinn	2
phau	2
gòa	2
emily	2
ibx	2
bặc	2
quằn	2
đò	2
giun	2
chum	2
uôi	2
tiêng	2
đoảng	2
kit	2
đong	2
đky	2
chím	2
chúm	2
nòi	2
uissss	2
hoạc	2
balance	2
bavi	2
thoái	2
bua	2
xải	2
loang	2
dza	2
cfc	2
sebinz	2
nhó	2
b53	2
boac	2
g2	2
insta	2
hịn	2
chta	2
mạnhko	2
bẹp	2
jb	2
huuyen	2
troai	2
thoạt	2
click	2
diển	2
4g	2
tuỷ	2
daddy	2
xâ	2
bucu	2
diu	2
điiiiii	2
singend	2
rồy	2
hừng	2
hun	2
codesite	2
bắng	2
smartphone	2
vẫy	2
sịt	2
luyên	2
mên	2
ruby	2
cỏng	2
j4f	2
gionf	2
ngườiaj	2
master	2
biêt	2
subnautica	2
khiển	2
dame	2
côi	2
0984888291	2
dâng	2
muu	2
iuuu	2
vớt	2
khuc	2
them	2
sái	2
80k	2
meme	2
cpi	2
tgt3	2
boi	2
dume	2
bjt	2
coppy	2
dó	2
83	2
đien	2
co2	2
nị	2
lac	2
6h	2
subasan	2
ngiep	2
huốn	2
dim	2
giòi	2
thỉu	2
bở	2
obama	2
nem	2
dộ	2
awp	2
èn	2
phia	2
yaba	2
weeboo	2
ktrang	2
pặc	2
cayyy	2
jiang	2
thíu	2
john	2
ên	2
gmtv	2
tuô	2
gật	2
hế	2
cốp	2
xquang	2
xơi	2
xức	2
ddi	2
nheo	2
br	2
noway	2
70k	2
mạiiii	2
lưới	2
supi	2
cast	2
baybi	2
nhố	2
livetream	2
2010	2
huyet	2
tét	2
ngiu	2
beng	2
t1	2
uak	2
ghẹ	2
buông	2
hno	2
vù	2
chelsea	2
xời	2
bág	2
vetv	2
túuuu	2
cailay	2
ủn	2
căc	2
trẹo	2
hua	2
tab	2
tứt	2
part	2
ngọcc	2
yz700	2
phì	2
tiễn	2
darius	2
jarvan	2
chội	2
523i	2
căt	2
lop	2
dải	2
chuốc	2
3h	2
dông	2
dew	2
ngoặc	2
golf	2
fomosa	2
bonus	2
army	2
sữ	2
ias	2
pokemon	2
xoạc	2
rôn	2
qb	2
lớ	2
talk	2
chiệu	2
yamaha	2
cungz	2
huytiến	2
gja	2
cod	2
po	2
nq	2
syria	2
vag	2
thằn	2
phuonng	2
điền	2
tuất	2
fir	2
bầm	2
mậu	2
nunu	2
ỏ	2
dóc	2
cml	2
mei	2
đẫn	2
hợi	2
lmht2020xthayba	2
pồ	2
pút	2
cktp	2
bus	2
56	2
hair	2
ann	2
subachai	2
subachoc	2
iris	2
xit	2
ngữa	2
bĩu	2
copy	2
tum	2
tăg	2
huh	2
càm	2
minhh	2
karaoke	2
vvvv	2
nơ	2
rát	2
ất	2
guong	2
hăm	2
57	2
06	2
1297	2
tủi	2
date	2
slow	2
victoria	2
lụa	2
vhl	2
tht	2
mớiii	2
kứng	2
ngưòi	2
qn	2
cayyyy	2
quáaaa	2
mpv	2
túng	2
gạc	2
vâu	2
hưỡi	2
chôt	2
mp3	2
cup	2
dzô	2
sình	2
cheng	2
bp	2
qen	2
giào	2
keneej	2
troc	2
nee	2
vón	2
nời	2
ngen	2
bop	2
lia	2
duói	2
tháp	2
ire	2
eie	2
ổg	2
nvay	2
lot	2
nhju	2
cre	2
shun	2
hongg	2
83ng	2
sưa	2
cõi	2
zouk	2
êiiii	2
life	2
toii	2
bfu	2
mad	2
nguyễnn	2
puca	2
combat	2
chẽ	2
eh	2
runeterra	2
vết	2
huhuhuhu	2
coa	2
ùa	2
vãiiiiiii	2
mét	2
b7ng	2
fighting	2
búp	2
ờm	2
ps	2
kdăm	2
4k2	2
aan	2
ngưa	2
nooo	2
nguen	2
sả	2
charlie	2
đũy	2
bêde	2
khái	2
phap	2
thanhc	2
1705	2
chích	2
trọ	2
lủi	2
tủy	2
pét	2
huu	2
nhọc	2
gro	2
annie	2
antifan	2
rặt	2
mọt	2
cụp	2
likes	2
deoooo	2
gas	2
48	2
đười	2
bảoo	2
rài	2
100011508511691	2
quocanh	2
thuu	2
nương	2
mah	2
phọt	2
ừm	2
3me	2
chệt	2
a5nanh	2
dollar	2
biếng	2
funkym	2
nhổ	2
ươi	2
quockhanh	2
deema	2
bửu	2
thoy	2
saoo	2
là1	2
thun	2
beef	2
hahaaaaaaa	2
thăn	2
yasbaga	2
khôngg	2
shoppe	2
okay	2
chū	2
muoi	2
ngụ	2
big	2
janna	2
pô	2
koa	2
nung	2
ngự	2
piece	2
oiii	2
cạ	2
dis	2
1m	2
chs	2
tut	2
ựa	2
ron	2
xóc	2
zới	2
cljv	2
idoi	2
82	2
2009	2
dách	2
2p	2
ktyt	2
rũa	2
cồng	2
êyy	2
addf	2
djt	2
04	2
tìn	2
3ron	2
hôk	2
rên	2
dả	2
zì	2
choy	2
monalibe	2
lona	2
váo	2
ysl	2
rê	2
lf	2
gieo	2
mướp	2
pandathai	2
ẹc	2
sảy	2
children	2
ahbp	2
xg	2
waiting	2
mother	2
hope	2
xễu	2
bầy	2
become	2
gill	2
81	2
7000	2
haaa	2
ctrinh	2
cutee	2
kén	2
thày	2
jungle	2
thắt	2
phả	2
phúng	2
vẹm	2
vozer	2
ht	2
ẩu	2
mút	2
catte	2
subrai	2
mỏng	2
yea	2
searching	2
taoo	2
nưax	2
oz	2
sully	2
múc	2
trui	2
nhựa	2
sảng	2
50tr	2
tymmm	2
bủm	2
hực	2
chóp	2
request	2
section	2
8000	2
nhed	2
send	2
remix	2
ytb	2
dac	2
forever	2
đãbịhack	2
nik	2
cẫm	2
oder	2
aanh	2
hàiiii	2
luônn	2
tyni	2
nhuần	2
gióng	2
cailoncat	2
mưng	2
lri	2
đới	2
6tr	2
dỏ	2
gym	2
thụy	2
petlan	2
lenh	2
tiệt	2
vlt	2
lịt	2
kalista	2
thuốt	2
siro	2
zin	2
mixifood	2
topic	2
nờ	2
vãng	2
khe	2
59	2
vcsb	2
pót	2
take	2
canada	2
kinhh	2
resort	2
bối	2
von	2
draagon	2
lấm	2
khê	2
44	2
lụi	2
cailozcatkhong	2
én	2
power	2
1ty	2
ấp	2
iot	2
toát	2
rot	2
kiểng	2
lũng	2
hog	2
ribi	2
bllack	2
stop	2
viking	2
tền	2
xuâ	2
ngua	2
tsao	2
mác	2
bục	2
theanh	2
kềm	2
ĩa	2
100usd	2
cüa	2
lonnn	2
5s	2
truất	2
goy	2
giat	2
phàm	2
thiêu	2
lyric	2
marco	2
nj	2
harry	2
ibox	2
quanq	2
benben	2
58	2
47	2
tửng	2
hâhhahah	2
cưg	2
dầm	2
ruoc	2
natra	2
khiết	2
dot	2
okei	2
nhễ	2
bnhiu	2
2001	2
if	2
roài	2
192	2
trèo	2
nhoc	2
haykhoc	2
peheo	2
927980	2
hùi	2
chi3	2
nui	2
hungss	2
transs	2
161	2
joker	2
lethi	2
sonqgoldsmith	2
caothanh	2
37	2
100012208298770	2
thainanghn	2
160297	2
0406	2
ngochan	2
9440	2
qtv	2
òi	2
thắn	2
puồi	2
cũa	2
vailin	2
huno	2
b4ng	2
đunga	2
gank	2
andy	2
10trieu	2
cncs	2
5đ	2
thâtj	2
bốp	2
ngọcngà	2
khép	2
nguyenthi	2
961	2
giac	2
quấn	2
thắngg	2
ság	2
quát	2
derby	2
7758235	2
kt	2
100006525856403	2
5076	2
vlon4	2
nguyenvanquymkt	2
100020270507927	2
5686	2
triêu	2
2030	2
nieu	2
minhthang	2
magic	2
hén	2
vủ	2
sưởi	2
blabla	2
100033773855731	2
vuquang	2
scandal	2
vegeta0103me	2
daradevild	2
hqi	2
giần	2
378	2
bama	2
mocoi	2
ngẹo	2
hoangtu	2
100006426327290	2
83m	2
tiuooir	2
give	2
ngh	2
bacardo	2
100020230269047	2
akali	2
a2y	2
nhõ	2
bth	2
100036857641337	2
100005650848230	2
lofi	2
a1o	2
nguyenngoc	2
clmn	2
thoạiiiiiiiiiiii	2
ngheee	2
infor	2
xeme	2
120tr	2
mươ	2
hahaaha	2
junn	2
chừn	2
app	2
nần	2
hahhha	2
kbiet	2
linhh	2
laii	2
royal	2
okeere	2
threecardo	2
bien	2
cưa	2
latex	2
khánhh	2
vcs	2
teen	2
hốc	2
bvs	2
ừa	2
sll	2
phươngg	2
ỉ4	2
be0175	2
nhôn	2
dủ	2
website	2
094	2
nana	2
nại	2
trắc	2
oày	2
cccd	2
nhât	2
vânn	2
a2	2
cựa	2
2021	2
youtobe	2
ngòi	2
siêm	2
cake	2
sett	2
vinaphone	2
sỏi	2
ngừi	2
a0nh	2
thsng	2
ơiiiiiiii	2
dịnh	2
tẹo	2
cy	2
thẳm	2
sf	2
mẩu	2
ẻo	2
pò	2
nhung17	2
nháy	2
bôn	2
chuyễn	2
dẫy	2
beee	2
tđ	2
lẳng	2
chipo	2
jonh	2
thin	2
chíh	2
nhiễu	2
đựơc	2
hách	2
đui	2
luốn	2
rống	2
hống	2
lamg	2
countdown	2
0155	2
cđl	2
phè	2
vũng	2
thậy	2
tf	2
vụt	2
cõng	2
ém	2
0156	2
sadec	2
100038656787864	2
ver	2
grin	2
nhanhhh	2
sưc	2
chạyyyy	2
trét	2
optimusthree	2
72	2
tip	2
rộn	2
zu	2
lane	2
jamie	2
thâu	2
ũa	2
cãm	2
tranvinh	2
26	2
ề	2
qwa	2
mồng	2
191	2
49	2
100040854980049	2
hehehe	2
dìm	2
mđ	2
đún	2
shin	2
ozabe	2
ù	2
mền	2
nhẩy	2
screenshot	2
suspi	2
chép	2
thgian	2
giồi	2
chặc	2
quậy	2
hhaa	2
tanh	2
rằm	2
hanoi	2
buooi	2
avata	2
bọc	2
e6	2
lõ	2
tee	2
700k	2
tiệc	2
100tr	2
well	2
ap	2
vùi	2
nàyy	2
lợm	2
lùa	2
lím	2
saoooooooo	2
mia	2
chập	2
5p	2
trất	2
đck	2
25k	2
uv	2
hitler	2
kung	2
thươngggg	2
gar	2
011204	2
ttbl	2
tĩ	2
quáng	2
lg	2
phalcon	2
camp	2
mươi	2
20tr	2
dnn	2
beo	2
mm	2
adt	2
dzậy	2
moe	2
muội	2
ươ	2
lúm	2
cmay	2
fim	2
ff	2
100041259422261	2
haizzzzz	2
tách	2
chẳg	2
linkkkkkkkkkkkk	2
vậyy	2
uế	2
sancho	2
buscu	2
miba	2
space	2
ngânn	2
ầy	2
xklđ	2
8m2	2
dường	2
mxh	2
vẩy	2
phũ	2
hớn	2
6891347	2
3m4	2
4d106	2
3d10	2
8175667	2
sele	2
chungtien	2
híp	2
kimthy	2
vuông	2
dỏm	2
túa	2
trunghaulecm	2
ghanh	2
covic19	2
muabenai1261	2
100009626378204	2
lãm	2
okie	2
khog	2
dou	2
sũa	2
trôn	2
map	2
ol	2
sệ	2
đoạ	2
nháp	2
jui	2
pop	2
livetreems	2
quad	2
hỗm	2
fong	2
ailan	2
cằm	2
quyến	2
xan	2
nom	2
kevin	2
chậc	2
inf	2
ngườ	2
plan	2
cưòi	2
a2m	2
sửu	2
11h80	2
sơnbamtp	2
mải	2
nhè	2
nehhhh	2
dồn	2
bank	2
data	2
phúcphúc	2
trụy	2
nạo	2
tkask	2
1s0x317528ef4626ef2b	2
0xbaad215491e63c25	2
3m6	2
nứkg	2
700tr	2
nọng	2
ck4mk4m	2
comeout	2
toyy	2
maps	2
vllll	2
dzường	2
nươc	2
qtam	2
culer	2
cnó	2
cktg	2
750	2
vietnamfootball	2
thiêt	2
phế	2
huề	2
800k	2
zơ	2
quinvaxem	2
kiềm	2
vắcxin	2
mõi	2
triệt	2
laj	2
sars	2
fine	2
thét	2
nảo	2
mừn	2
399488	2
sgk	2
xuat	2
tt7	2
0969779003	2
bòn	2
lamchikhanh0707	2
bame	2
ciel	2
cù	2
giẻ	2
5phut30	2
nhĩ	2
ưiiiiii	2
alex	2
nut	2
tony	2
xoài	2
măng	2
12h	2
jav	2
đell	2
hời	2
ngỷ	2
dethuong	2
nả	2
anime	2
khươn	2
ghee	2
fpgqg9ppeow	2
đót	2
ná	2
3gagang	2
land	2
yeahhh	2
dcmm	2
đon	2
nuc	2
pi	2
nèeee	2
nak	2
pie	2
york	2
scope	2
zuu	2
thejaboproductions	2
pikachu	2
sào	2
giay	2
kkkkkkkk	2
been	2
kiệm	2
trã	2
homies	2
milano	2
zẻ	2
kut	2
wed	2
vicky	2
toạch	2
2012	2
khach	2
seo	2
csgo	2
côvi	2
92351	2
dzẻ	2
ngèo	2
tă	2
evn	2
selaaa	2
noah	2
125	2
súprai	2
pv	2
kaaaaaa	2
bgio	2
0177	2
nhunglê	2
intro	2
xaolon	2
ôngg	2
hổm	2
a0o	2
vỉ	2
gợi	2
xệ	2
phèn	2
xướng	2
khì	2
ngừ	2
zing	2
thủng	2
coste	2
mixigaminh	2
kiệtkiệt	2
thuâ	2
hến	2
khon	2
ngấy	2
đấyyy	2
chicken	2
thóc	2
bc	2
senna	2
cjo	2
100006392040587	2
donet	2
cháuu	2
yi	2
đna	2
meta	2
tokyo	2
muỗi	2
diê	2
vnexpress	2
gkee	2
pắt	2
dl	2
seach	2
sss	2
owo	2
càg	2
liếc	2
rick	2
dieeeeeeeeee	2
côg	2
ge	2
yê	2
spider	2
gk3	2
d4ng	2
y3u	2
robo	2
wen	2
gen	2
lém	2
mạch	2
nma	2
1h	2
lúa	2
cailoz	2
khom	2
đũng	2
cụt	2
nhiềuuuu	2
tii	2
luồn	2
cuvid	2
chầu	2
khoát	2
buivan	2
shutdown	2
đừg	2
mynas	2
7906	2
singed	2
lyn	2
line	2
chì	2
tranviet	2
roii	2
đừnng	2
robinson	2
doinb	2
lồl	2
voz	2
xuý	2
歌を歌っていたのは私でした	2
nhon	2
bết	2
khia	2
giư	2
rr	2
chg	2
2tr3	2
tênh	2
lozzz	2
lắt	2
vồn	2
lượn	2
xáo	2
quịt	2
huyr	2
masa	2
mào	2
彼女は十分に困っています	2
dọ	2
mod	2
悪化させないでください	2
ẻ	2
ớiiiiiiiiiiii	2
chạch	2
căm	2
thjx	2
thángg	2
妹を許してください	2
lsao	2
california	2
tyle	2
banana	2
nựa	2
ắc	2
thiển	2
chăk	2
hahhaa	2
0919677682	2
彼女は呪われています	2
sờn	2
dalat	2
hảy	2
music	2
ああ	2
milo	2
xén	2
hòe	2
lj	2
hunq	2
cùn	2
ròii	2
hahhaha	2
car	2
lỳ	2
hoag	2
tuaz	2
王子様	2
kiếng	2
bve	2
spoil	2
videoo	2
id	2
xảo	2
nghia	2
mạg	2
lồnnn	2
gïa	2
redbull	2
tąo	2
jesus	2
kile	2
hự	2
kaotayto	2
hùg	2
hổi	2
vdeo	2
ទ	2
nhjeu	2
kyo	2
xưởng	2
sag	2
lốn	2
khoăn	2
italia	2
đchi	2
thỏi	2
ùng	2
mobile	2
hẫng	2
gtvt	1
y29tbwvuddoyndy4mjeyotm2nji5odiwxze1mzyymzc1otewnzc4mq	1
100012979781720	1
rể	1
bella	1
embe290	1
đâuuuuu	1
y29tbwvuddoyndy4mjeyotm2nji5odiwxzm0ndc1mta0njqxotmzna	1
khấc	1
aug	1
angels	1
baobao1110	1
y29tbwvuddoyndy4mjeyotm2nji5odiwxze0mzcxmzg4mzm2otq3oq	1
ltung	1
rởm	1
y29tbwvuddoyndy4mjeyotm2nji5odiwxzi0njgymjc0nzmyotuwmzm	1
minhhiếu	1
kientit	1
bảobảo	1
100014631270670	1
5030	1
freefire	1
liem	1
chautinh	1
tek	1
cún	1
dmca	1
tccl	1
khóe	1
rú	1
hotbuoy	1
chồnghh	1
zuckerberg	1
dsc	1
112	1
y29tbwvuddoyndy4mjeyotm2nji5odiwxzi0njgymtq5mtmyotyyodk	1
100036724353398	1
vailozzz	1
hensy	1
y29tbwvuddoyndy4mjeyotm2nji5odiwxzuwmzkxmde0mdmwnzawna	1
ùi	1
y29tbwvuddoyndy4mjeyotm2nji5odiwxzeznji0mjgxnzgxntc0ng	1
168	1
y29tbwvuddoyndy4mjeyotm2nji5odiwxzq2mdk2mdkwmte1mtm5ma	1
dặt	1
dẹo	1
trịa	1
nani	1
improve	1
truồng	1
tky	1
qurn	1
蕭敬昕	1
100s	1
lose	1
hoàngg	1
nhincailon222	1
y29tbwvuddoyndy4mjeyotm2nji5odiwxzuwmjm2mzi5mzk0nzewma	1
đúq	1
luởi	1
hàq	1
y29tbwvuddoyndy4mjeyotm2nji5odiwxze0mzcymdmynjcwmje2oa	1
100008664406182	1
nhom	1
freestyle	1
phẩn	1
minrry	1
100024177622905	1
ksbsshhwwhsnhsjs	1
nèk	1
y29tbwvuddoyndy4mjeyotm2nji5odiwxzexmjc5odqymzmymji0mg	1
liulocc1	1
y29tbwvuddoyndy4mjeyotm2nji5odiwxze0mzcxndiymzm2otq0nq	1
y29tbwvuddoyndy4mjeyotm2nji5odiwxzi0njgymzmzmjmyotq0ndg	1
nớn	1
y29tbwvuddoyndy4mjeyotm2nji5odiwxzm1mzkzotiwnti5ote5na	1
kumahuy	1
kía	1
nhem	1
y29tbwvuddoyndy4mjeyotm2nji5odiwxzuznzi0nzkzmduznje1oa	1
xúông	1
giog	1
inglish	1
lạlol	1
phone	1
xủa	1
y29tbwvuddoyndy4mjeyotm2nji5odiwxzexmdgynte3nzywmjg3mzy	1
y29tbwvuddoyndy4mjeyotm2nji5odiwxze0mzcymdmxmzm2odgzng	1
hthviee	1
dislikes	1
100009524193917	1
jeremy	1
y29tbwvuddoyndy4mjeyotm2nji5odiwxzi0njgymjy2nzk5nje3nzk	1
giửa	1
rubi	1
y29tbwvuddoyndy4mjeyotm2nji5odiwxze3ndeymjeymdm3nde0nw	1
bưg	1
y29tbwvuddoyndy4mjeyotm2nji5odiwxzg5mzqyotuwnzcwmji2mw	1
100014165898872	1
toe	1
moj	1
y29tbwvuddoyndy4mjeyotm2nji5odiwxzi0njgymju2mzk5nje4odm	1
giờđặc	1
610	1
y29tbwvuddoyndy4mjeyotm2nji5odiwxzi0njgymtu5otmyotyxode	1
déo	1
chuỵên	1
503	1
lóv	1
lknh	1
y29tbwvuddoyndy4mjeyotm2nji5odiwxzi0njgymtkymjk5nji1mjq	1
hão	1
ngê	1
100012412335373	1
ngueyn	1
saoooo	1
gỏi	1
chảo	1
cmmd	1
nah	1
kiẻu	1
nhiện	1
1tỉnh	1
kanny	1
nulooo	1
y29tbwvuddoyndy4mjeyotm2nji5odiwxzi0njgymtu5oty2mjk1mtq	1
y29tbwvuddoyndy4mjeyotm2nji5odiwxzm1mzkzotixmtk2ntg2ma	1
sần	1
phot	1
uncut	1
cuon	1
press	1
fam	1
respect	1
tiwcs	1
3phút	1
100008401399295	1
y29tbwvuddoyndy4mjeyotm2nji5odiwxzi0njgymtm2mjk5njmwodq	1
pbvm	1
đòng	1
quyền_đồng	1
bmay	1
pyss	1
donation	1
đũn	1
20kg	1
đĩn	1
phắn	1
ngòai	1
2008	1
y29tbwvuddoyndy4mjeyotm2nji5odiwxze0mzcymdmwnjcwmje3ma	1
008618899827532	1
wave	1
100020286066360	1
y29tbwvuddoyndy4mjeyotm2nji5odiwxzi0njgymji5ody2mjg4mtu	1
anoy	1
sug	1
y29tbwvuddoyndy4mjeyotm2nji5odiwxzm5njy4mdu1nzyyotk0mg	1
noo	1
0934085769	1
y29tbwvuddoyndy4mjeyotm2nji5odiwxze0mzcxnzy5mzm2ota5oa	1
giakhang	1
96995238	1
yy	1
y29tbwvuddoyndy4mjeyotm2nji5odiwxzi0njgymji2nzy2mjg4ndy	1
y29tbwvuddoyndy4mjeyotm2nji5odiwxze0mzcymdmxnjcwmje2oq	1
sẳn	1
mous	1
y29tbwvuddoyndy4mjeyotm2nji5odiwxzi0njgymtm5ody2mjk3mtu	1
hyhy	1
luyê	1
chột	1
tnlt	1
volume	1
reus	1
khônq	1
ongnoi	1
quatdz1	1
auth	1
thêgioi	1
xusxus	1
100005746396491	1
tomboy	1
ltinh	1
y29tbwvuddoyndy4mjeyotm2nji5odiwxzm1mzkzote1nti5ote5oq	1
dân_tuổi	1
quangquảng	1
ánhh	1
zõi	1
y29tbwvuddoyndy4mjeyotm2nji5odiwxzewndawmji4ntyzodgzmju	1
cíu	1
tcb	1
dna	1
chờiii	1
cmang	1
dụngncar	1
francislong	1
shee	1
y29tbwvuddoyndy4mjeyotm2nji5odiwxzi0njgymji4mty2mjg4mzi	1
lren	1
tảng	1
100009617476485	1
dany	1
adiđà	1
lạyy	1
xloi	1
ghìm	1
y29tbwvuddoyndy4mjeyotm2nji5odiwxzi0njgymjmymtk5njixmju	1
tuyetvi	1
hoằng	1
pyke	1
y29tbwvuddoyndy4mjeyotm2nji5odiwxzm4mjqxotu3ntk2mtc2mw	1
y29tbwvuddoyndy4mjeyotm2nji5odiwxzm0ndc1mtawotc1mjy3mq	1
mánh	1
nhấp	1
yellow	1
chuất	1
quocpham	1
160k	1
y29tbwvuddoyndy4mjeyotm2nji5odiwxzi0njgymtk5njk5nji0nta	1
y29tbwvuddoyndy4mjeyotm2nji5odiwxze0mzcymdi5njcwmje3mq	1
refun	1
truyến	1
nhungg	1
siệt	1
100025311270515	1
100007714875231	1
willl	1
mèoo	1
zindz2k4	1
bjê	1
y29tbwvuddoyndy4mjeyotm2nji5odiwxzi0njgymtm4mzmyotyzotc	1
y29tbwvuddoyndy4mjeyotm2nji5odiwxzm1mzkzoteznti5otiwmq	1
rachel	1
az	1
was	1
hoyy	1
y29tbwvuddoyndy4mjeyotm2nji5odiwxzexmdgymzc2mdi2oty4mja	1
81nhh	1
tlh	1
pino	1
y29tbwvuddoyndy4mjeyotm2nji5odiwxzm0ndc1mtaznjqxotmznq	1
y29tbwvuddoyndy4mjeyotm2nji5odiwxzg1mdq0otewody2mdk3ng	1
b9i	1
756	1
dêo	1
sùng	1
ngọcanh	1
mam	1
6t	1
bải	1
tẻ	1
pết	1
aha	1
whit	1
100017926126645	1
piano	1
lopbi	1
hik	1
5494	1
hanghy92	1
rươ	1
1000kg	1
2014	1
đmmmm	1
đeoo	1
háu	1
choet	1
discod	1
nippon	1
đởn	1
player	1
edg	1
bbq	1
tắng	1
vcddd	1
999	1
vóc	1
tonight	1
phodiwalk	1
ihih	1
xiêu	1
x3	1
x1	1
acridin	1
oh789	1
100may	1
mú	1
sexy	1
disrespect	1
chẻ	1
cosplay	1
tooiiiiii	1
xiết	1
money	1
bơm	1
baoloc	1
rosie	1
chải	1
livechim	1
chệu	1
djen	1
skill	1
trungđđức	1
nguyenduc	1
đáu	1
100010155273141	1
wả	1
mụi	1
lmfao	1
sally	1
small	1
xáng	1
harriet	1
dãnh	1
mushrooms	1
miu	1
kimi	1
đeesn	1
fire	1
selfie	1
đước	1
huheo	1
khoing	1
lcl	1
ndt	1
nus	1
flash	1
oscar	1
bỡ	1
y29tbwvuddoyndy2nzeynjq2nzc5odq5xzi0njy3mja2mzy3nzkwnta	1
thansau	1
i10	1
wish	1
3612	1
8386	1
nạ	1
phồ	1
daika	1
42	1
fet	1
nhít	1
kìaaaa	1
uồiiii	1
2tiếng	1
bién	1
nỏ	1
s0aj	1
fox	1
honey	1
nhihaothơ	1
kutequê	1
phẩy	1
ahihii	1
ét	1
vusami	1
chã	1
trủng	1
lỗn	1
thcs	1
lỏi	1
meeo	1
ỏe	1
diiiii	1
vinashin	1
pst	1
1p30s	1
nuô	1
1958	1
strem	1
hĩnh	1
hợm	1
thisisleo	1
choẹ	1
radio	1
cau2	1
mởi	1
khuyê	1
lóe	1
đaif	1
hờ	1
phờ	1
amumu	1
shurima	1
chį	1
nhim	1
trieuhoang	1
chưaaaaa	1
quầngggg	1
vaccin	1
2m	1
phụcccc	1
kunno9	1
hỉuuu	1
tls	1
pínk	1
rỏ	1
dcmmm	1
1900	1
nhãy	1
kpop	1
soviet	1
50115161	1
kiaaa	1
nguễn	1
tuongthuat	1
despasito	1
đât	1
johnny	1
100004246504509	1
thỉnh	1
762871239	1
gonnn	1
hoaiphi	1
khênh	1
quote	1
msi	1
nchung	1
đãn	1
jải	1
330k	1
tuhip	1
douberkill	1
0901641969	1
tructiep	1
tbao	1
cmmr	1
phuk	1
100008983842906	1
xị	1
huan	1
đogs	1
huanrose	1
100006073634871	1
0947887738	1
cacvjna	1
mó	1
truỳ	1
nguyyen	1
319	1
hồm	1
trùy	1
nịt	1
nhậm	1
thanhks	1
thấyvai	1
hái	1
philê	1
cbl	1
diet	1
răm	1
helen	1
aiu	1
rắp	1
nhâu	1
đunh	1
thát	1
đềui	1
đỏi	1
zuii	1
laru	1
ming	1
quânn	1
thaivunhatnam	1
kul	1
stonebutch	1
sluong	1
ballad	1
taam	1
edm	1
exc	1
543	1
quangtien	1
chùn	1
2_3	1
dieep	1
duynghia	1
txuc	1
vơiii	1
vivo	1
01202657462	1
anri	1
100002984821564	1
gét	1
khă	1
sòng	1
y29tbwvuddoyndy2nzeynjq2nzc5odq5xzc2ntyzntmxnze2njgzmg	1
dươn	1
mvmanh	1
y29tbwvuddoyndy4mjeyotm2nji5odiwxzm1mzkzoti1odyzmjuymg	1
lv	1
y29tbwvuddoyndy2nzeynjq2nzc5odq5xzewnjy2nti2nzi5odg4mq	1
phog	1
saooooo	1
lấc	1
y29tbwvuddoyndy2nzeynjq2nzc5odq5xze2nda4ntixmti5nzeznq	1
100009131217947	1
b0ng	1
100023616552354	1
haixx	1
hg	1
kewt	1
vice	1
mt	1
duyet	1
jan	1
18cm	1
chunn	1
ngẩn	1
bhutan	1
clgt	1
188	1
địng	1
y29tbwvuddoyndy2nzeynjq2nzc5odq5xzi0njy3mtq0mjaxmtmwmdu	1
nheee	1
dzàng	1
conn	1
perry	1
758	1
katy	1
y29tbwvuddoyndy2nzeynjq2nzc5odq5xzi0njy3mtc4njm0ndu5otq	1
nnllooonngggggg	1
gâp	1
y29tbwvuddoyndy4mjeyotm2nji5odiwxze0mzcymdmznjcwmje2nw	1
90inh	1
chồ	1
100035037228593	1
highland	1
y29tbwvuddoyndy4mjeyotm2nji5odiwxzg5mzqyotu5nzcwmji1na	1
y29tbwvuddoyndy4mjeyotm2nji5odiwxzm1mzkzoti3mtk2ntg1na	1
thồn	1
naz	1
riệp	1
tía	1
bft	1
lám	1
65	1
nguyenhoang	1
hayyy	1
100036557105893	1
catalan	1
y29tbwvuddoyndy2nzeynjq2nzc5odq5xze3odc4ndq2ndezntkwotm	1
8năm	1
y29tbwvuddoyndy2nzeynjq2nzc5odq5xze0otaznzc1otkwmdqzmq	1
8888uupokl	1
e8	1
y29tbwvuddoyndy4mjeyotm2nji5odiwxzg5mzqyotu2nzcwmji1nw	1
y29tbwvuddoyndy2nzeynjq2nzc5odq5xzyxntq0mjq2ntg2nzg5mq	1
lkkk	1
giảnggg	1
củn	1
y29tbwvuddoyndy4mjeyotm2nji5odiwxzg5mzqyotu4mtazntu4oq	1
y29tbwvuddoyndy2nzeynjq2nzc5odq5xze3mde5otgwnzuwnzyymq	1
bin2k1	1
ịkkilj	1
tun	1
dinhđoàn	1
20h	1
y29tbwvuddoyndy4mjeyotm2nji5odiwxzqymtg2ndg4odqwotkzna	1
100020346643374	1
hoangtugio	1
hht	1
y29tbwvuddoyndy4mjeyotm2nji5odiwxzi0njgymtu5mdy2mjk1mjm	1
thuợng	1
89phút	1
boong	1
daipham29	1
qùynh	1
nhừ	1
100035475099557	1
y29tbwvuddoyndy2nzeynjq2nzc5odq5xzczntgznzc1njgzmdq3oa	1
hhhnac6566	1
asia	1
y29tbwvuddoyndy2nzeynjq2nzc5odq5xzizmzg2mjmxndmxmziwmza	1
animus	1
entertainment	1
thưn	1
y29tbwvuddoyndy2nzeynjq2nzc5odq5xzewnjy2njyxmdyzmja4ma	1
núa	1
tranquangduy2001	1
hinguyn	1
y29tbwvuddoyndy2nzeynjq2nzc5odq5xzeyodm0mjk3nta1ndewna	1
cạu	1
y29tbwvuddoyndy2nzeynjq2nzc5odq5xze1ndu0ntawotexnjqzoa	1
minhkun0405	1
100035710632443	1
y29tbwvuddoyndy2nzeynjq2nzc5odq5xze0ndm1ndc1njgymjm5nw	1
tằn	1
2s	1
concept	1
10th	1
y29tbwvuddoyndy2nzeynjq2nzc5odq5xzqxnty2ndm3ntgxotq4ng	1
100km	1
y29tbwvuddoyndy4mjeyotm2nji5odiwxzg5mzqyotu5ndm2odkymq	1
xuối	1
loăng	1
pm	1
thick	1
y29tbwvuddoyndy2nzeynjq2nzc5odq5xzi0njy3mtu2mdm0ndyymja	1
y29tbwvuddoyndy4mjeyotm2nji5odiwxzm1mzkzotqxodyzmjuwng	1
hha	1
100010494814882	1
b3m	1
89nh	1
nã	1
nhoccon	1
y29tbwvuddoyndy4mjeyotm2nji5odiwxze0mzcymdm3njcwmje2mw	1
zaaa	1
hỉnh	1
ruadarealest	1
phtp	1
hóm	1
yepp	1
ủy	1
huhuhu	1
nhien	1
kung3	1
y29tbwvuddoyndy4mjeyotm2nji5odiwxzg5mzqyotcxnzcwmji0mg	1
0355887313	1
gốm	1
razer	1
ajhsbdjsksgsgnakaskvsvzkbs	1
abeeee	1
pinky	1
mtây	1
100034114130310	1
đạika	1
zayy	1
sầuu	1
y29tbwvuddoyndy2nzeynjq2nzc5odq5xzi0njy3mjq0ndaxmtiwmdm	1
ngonn	1
100035208650291	1
wdf	1
khaigiảng	1
y29tbwvuddoyndy2nzeynjq2nzc5odq5xzczntgzntiwmde2nda2nw	1
bebanhbaoo	1
y29tbwvuddoyndy4mjeyotm2nji5odiwxzm0ndc1mtqzotc1mjyyoa	1
tch	1
xổng	1
thhd	1
quớ	1
yajzxo38zf4	1
vietsub	1
y29tbwvuddoyndy2nzeynjq2nzc5odq5xzczntg1mzkzmde2mje5na	1
ayy	1
zovanhoa	1
0966349773	1
upin	1
y29tbwvuddoyndy2nzeynjq2nzc5odq5xzi0njy3mze2njm0ndq2mtq	1
lànhh	1
búi	1
hihihttps	1
pdl	1
hirodenday	1
y29tbwvuddoyndy2nzeynjq2nzc5odq5xzi0njy3mje3nty3nzg5mzg	1
søçø	1
p12	1
y29tbwvuddoyndy4mjeyotm2nji5odiwxzexmdgyntm5mzi2otuxodc	1
y29tbwvuddoyndy2nzeynjq2nzc5odq5xzi0njy3mji2odm0ndu1mti	1
100004368340293	1
thág	1
0917043577	1
100022592779374	1
y29tbwvuddoyndy2nzeynjq2nzc5odq5xzi1odgznjc5otq1mtu4ntu	1
100022121210146	1
p10	1
p11	1
haa	1
top1	1
xắm	1
thuytienttttlovenalu	1
y29tbwvuddoyndy2nzeynjq2nzc5odq5xzg4nzuwmtk4mtyxndiyma	1
osaka	1
oiw	1
dmcsvn	1
100008763697033	1
kåkå	1
wz	1
60tr	1
vanhung43449	1
y29tbwvuddoyndy2nzeynjq2nzc5odq5xzi0njy3mjizmdaxmtiymtc	1
ars	1
mieg	1
chưoi	1
giag	1
lazada	1
chình	1
bill	1
đeso	1
miyukina	1
uwiiiiii	1
nịu	1
hinata	1
nguyenquoc	1
somali	1
kiet	1
pp	1
truo	1
chạng	1
trác	1
lion	1
ajavsgsdgdnsvdhsbsvshsvshsbshf	1
âyyyy	1
ngoèn	1
loveeee	1
gates	1
sixe	1
linsied	1
y29tbwvuddoyndy4mjeyotm2nji5odiwxze0mzcymdm1mdazntq5oq	1
vail	1
0362355072	1
1mình	1
cauu	1
đưg	1
zl	1
u23	1
ghì	1
dág	1
狗改不了吃屎	1
media	1
phuvinh	1
mcv	1
tank	1
địtmẹ	1
ccm	1
sdtpcmt	1
thơj	1
sứa	1
tfoi	1
thết	1
khệnh	1
chũ	1
20kill	1
cọ	1
giực	1
híc	1
ngườii	1
cặv	1
lyhaha	1
nb	1
bannj	1
phụccc	1
thiẹt	1
hiha	1
lậyy	1
sưt	1
tuôi	1
sưtrân	1
0964394635	1
gâ	1
pd	1
đêt	1
chirodo	1
ùiiiii	1
tiều	1
tuỵ	1
khẩn	1
david504	1
timm	1
noooo	1
mớm	1
nhâyy	1
meow	1
tt5	1
rah	1
tt6	1
đạm	1
yasuo	1
13k	1
thwn	1
huyyyy	1
deodcroi	1
đốg	1
vog	1
ic	1
boc	1
traiiii	1
húong	1
chậmmm	1
giục	1
2sau	1
áy	1
liveshow	1
mầu	1
oxin	1
vatican	1
truấtttt	1
50km	1
nhao	1
rome	1
philip	1
quẽ	1
phạmlừa	1
nobi	1
eric	1
zẩy	1
mundô	1
chếttt	1
măm	1
hnh	1
1nha	1
soa	1
180	1
đnăng	1
loot	1
bêđê	1
kiur	1
england	1
câc	1
canxi	1
slogan	1
cspccc	1
dợt	1
bằg	1
vuốy	1
púa	1
zợ	1
kạn	1
wu	1
đàu	1
darcy	1
nhims	1
shing	1
got	1
頑張ろう	1
1x25	1
pell	1
dthuong	1
mjrhaidaiti	1
tịn	1
bestttttttttttt	1
ahuhu	1
fix	1
đúi	1
đắm	1
bolero	1
vde	1
hari	1
tắn	1
kita	1
cừng	1
luôngg	1
sanrgyuyd	1
ntyruasngahdua	1
witch	1
10triu	1
lynh	1
vói	1
108	1
xoang	1
vov	1
qằn	1
mood	1
bọng	1
chòi	1
gìm	1
g5r	1
kqua	1
bũi	1
địnhn	1
bonsa	1
taocutaodiia	1
uri	1
thìn	1
akashi	1
akatski	1
qè	1
mơdi	1
hnm	1
kuvo	1
85	1
čò	1
ßé	1
1disslike	1
honk	1
1view	1
suoi	1
truog	1
kua	1
nhuốm	1
cường7núi	1
nhỷ	1
đat	1
huc	1
luyen	1
kòi	1
châtsss	1
1926	1
0978781847	1
hồg	1
ホ	1
タオ	1
abeeeeee	1
hvien	1
2d	1
_the	1
ốp	1
fofun	1
chổi	1
cđg	1
trăn	1
transgender	1
musik	1
case	1
nháaaa	1
bùny	1
rieng	1
chồi	1
nảy	1
đèo	1
chpo	1
nayd	1
găng	1
sác	1
vìdeo	1
udang	1
đấyyyyyy	1
nới	1
legend	1
phúcv	1
suri	1
điến	1
quick	1
toai	1
ii	1
nghẹn	1
thảnh	1
thơi	1
tuởng	1
853456768	1
270	1
zật	1
vx	1
điss	1
ciuukhánh	1
lylệ	1
lêtrang	1
0866116247	1
sama	1
uiiiiiiiiiii	1
mịt	1
phố_hà	1
nasa	1
giở	1
trột	1
buòin	1
3sao	1
róp	1
độtày	1
phait	1
hero	1
quấc	1
dkmm	1
hính	1
welcome	1
girls	1
hậm	1
bthg	1
hâhhhaha	1
lảo	1
eyyy	1
wf	1
rẻng	1
nhúm	1
away	1
phếch	1
nhaaaaaaaa	1
aiii	1
trồi	1
vote	1
ngác	1
666	1
0914	1
915	1
22h30	1
anhthu	1
hdh	1
anhtrần	1
nls	1
pheeeeee	1
dẫm	1
flow	1
vãiiiii	1
xún	1
sòyyy	1
sound	1
văy	1
ptt	1
xơ	1
dingtea	1
ubnd	1
feminine	1
phùn	1
dặn	1
hâh	1
cloud	1
cfss	1
caliphot	1
lút	1
thẫm	1
xuông	1
pbn	1
răt	1
cunge	1
woman	1
đóii	1
nhuều	1
bịu	1
nhaoi	1
tian	1
201	1
bongs	1
gj	1
vầng	1
noia	1
zụ	1
boeing	1
tửơng	1
đọa	1
nguyenn	1
nguyenthu	1
spa	1
764042556	1
gïã	1
ronaldo	1
xẻ	1
lech	1
ass	1
mathoi	1
cọt	1
nệ	1
phẹc	1
17tr500	1
rít	1
đume	1
nhãi	1
boiz	1
stylish	1
sảnh	1
gioilasia	1
loã	1
spoon	1
2m2	1
chói	1
80m2	1
thac	1
0348359112	1
conchos	1
giúng	1
thậttt	1
0979742326	1
kị	1
dduong	1
mịnh	1
ốmmm	1
huyễn	1
leng	1
voai	1
việtsub	1
zần	1
tiernf	1
xaoloz	1
nhit	1
fann	1
likee	1
aõ	1
pó	1
lữa	1
phut	1
chồn	1
rừg	1
slim	1
peper	1
ỏoo	1
fullcombo	1
buôi	1
guể	1
duok	1
khieng	1
khap	1
chụm	1
cuoiis	1
rãh	1
hyn	1
tháh	1
minhhieu	1
loằn	1
úng	1
gamoto	1
trỉ	1
01262978842	1
yoongi	1
dãy	1
oppai	1
zuy	1
tokonome	1
tẩu	1
lệt	1
uỵch	1
tột	1
hixx	1
dật	1
truocs	1
tucccc	1
chiếp	1
thom	1
likeeeeeeeeeeee	1
khongggg	1
1ngừời	1
top8	1
tì	1
hån	1
pttm	1
yul	1
hág	1
0794975372	1
quơi	1
vodka	1
vaiz	1
hahahah	1
đỗi	1
cuản	1
izakaya	1
zaj	1
đmx	1
uôn	1
marion	1
ịa	1
chẹt	1
hỏj	1
ippg	1
chẵn	1
177	1
mèn	1
anhthùy	1
đênh	1
hahahahah	1
lênnnnn	1
tưởi	1
tria	1
đủuuuu	1
nthe	1
chuồi	1
keke	1
thới	1
bấn	1
5d	1
hâp	1
chịuuu	1
luônnnnn	1
chucamo	1
loá	1
houston	1
buồnnnn	1
xói	1
rân	1
dứ	1
dòiii	1
đuống	1
tnhắn	1
vna	1
tráo	1
ptg	1
bjen	1
suzuki	1
dóng	1
sơk	1
strees	1
nững	1
1tr6	1
khộng	1
sáo	1
tenh	1
nặc	1
sunday	1
0933853455	1
rặc	1
méc	1
chayo	1
mnguyễn	1
thay6	1
andbancuttt	1
yeu6	1
dán	1
xamlone	1
ạn	1
haaaaaa	1
531	1
pao	1
khoáng	1
hail	1
caongọc	1
tronh	1
lớnnn	1
seagames	1
qía	1
blv	1
bul	1
xuôys	1
cment	1
lt	1
luke	1
4x4	1
ret	1
ngtrinh	1
meet	1
khiêng	1
ỡ	1
tup	1
leu	1
ỗng	1
11h	1
đôla	1
hignh	1
rodoi	1
ạch	1
gumi	1
suông	1
thắngthắng	1
really	1
tmv	1
10kg	1
rùng	1
giăng	1
nạt	1
ptnt	1
100triê	1
1triê	1
hecta	1
vâth	1
sparta	1
junai	1
shonan	1
clgb	1
vxl	1
khuông	1
nobita	1
mồn	1
doraemon	1
mhacs	1
seria	1
ax	1
loamk	1
thaygiaoba	1
lanheder	1
done	1
alexander	1
jdp	1
qủa	1
years	1
khuyêt	1
1966	1
limited	1
lỉnh	1
nguyễnthảo	1
2thang	1
5trieu	1
hónggg	1
nhhir	1
minhphạm	1
nice	1
hểttttttt	1
563637100	1
kà	1
vbii	1
romano	1
1040	1
suot	1
marvel	1
chiết	1
thầyy	1
editor	1
khazix	1
gion	1
nami	1
asus	1
buýt	1
giếng	1
teee	1
sz	1
lem	1
phcuj	1
nèeeee	1
trom	1
poodle	1
bõ	1
túm	1
tâp	1
uầyyy	1
chart	1
tdq	1
ôiii	1
vđê	1
million	1
mekong	1
viuss	1
pasteur	1
hundred	1
hzz	1
đièu	1
fuc	1
xiềng	1
dmd	1
nố	1
nhinh	1
bàng	1
lynhminh	1
puppet	1
ex	1
hahaaaaaa	1
xững	1
chớn	1
lượm	1
duan	1
xinhhh	1
rou	1
0768990177	1
cbcs	1
tianf	1
úy	1
ccj	1
ocee	1
thiền	1
trễn	1
ổm	1
trrần	1
pub	1
0987991668	1
thặt	1
0917416708	1
rais	1
nổiiii	1
pooor	1
chinazi	1
mapia	1
gío	1
kog	1
cuou	1
ich	1
typn	1
pet	1
cặm	1
shit	1
lames	1
lài	1
46lan	1
cin	1
đoàng	1
nũng	1
12ly7	1
nhă	1
tino	1
trướng	1
0378705519	1
chửng	1
mll	1
nọt	1
123	1
nủa	1
huhuhuuu	1
mùn	1
viêtnam	1
hươu	1
1995	1
l2	1
nghĩh	1
đeoa	1
viếng	1
giă	1
as	1
xạc	1
tíh	1
ảm	1
gays	1
highlight	1
cháng	1
bụg	1
mý	1
0376500640	1
lênh	1
đạ	1
đán	1
65t	1
tiừ	1
artist	1
yahhh	1
tbn	1
tieg	1
lênnn	1
plant	1
marriot	1
moo	1
lưg	1
đitconme	1
thânnn	1
vlòn	1
olympia	1
after	1
chậu	1
đật	1
vòn	1
credit	1
choice	1
vồng	1
1999	1
tick	1
hyndra	1
ngoác	1
cuuuuussst	1
báng	1
wang	1
bae	1
đzai	1
trapmix	1
khiêm	1
trũng	1
aguero	1
0916821405	1
buốn	1
12tuôi	1
phôi	1
chjwcs	1
nghiã	1
đảg	1
trốc	1
b89	1
uiiiii	1
instagram	1
1tr8	1
180k	1
đẻng	1
thuột	1
uroku	1
vaychoconsin1tynhaco	1
úa	1
lợnnnn	1
trymakk11	1
sv3	1
257k	1
tvb	1
lolzz	1
thaobeoo05	1
y29tbwvuddoyodk0odeyntuwnjm2ntixxzyymzg1mzuwnta0njy5nq	1
y29tbwvuddoyodk0odeyntuwnjm2ntixxzyymzqyotk4mtc1ntcxna	1
y29tbwvuddoyodk0odeyntuwnjm2ntixxze0odgyndq2odc5otixodq	1
100014822293020	1
nngvy	1
y29tbwvuddoyodk0odeyntuwnjm2ntixxzq5oty4otmxndi4odezng	1
tấný	1
100011998959507	1
y29tbwvuddoyodk0odeyntuwnjm2ntixxzewmtm4mji1mtm5mzuwng	1
9d	1
y29tbwvuddoyodk0odeyntuwnjm2ntixxze4odyymta3ote5mzm1oq	1
phuong1234yeuanh	1
100008929775625	1
100029207990674	1
y29tbwvuddoyodk0odeyntuwnjm2ntixxzq5otg2ndy5nzywmzkzmq	1
y29tbwvuddoyodk0odeyntuwnjm2ntixxze0odg1mza4ntc5njm1njc	1
y29tbwvuddoyodk0odeyntuwnjm2ntixxzi2nta1njk2mduwmjcymdi	1
562114	1
982	1
hiip	1
xeko	1
100036903588642	1
mừungg	1
nămm	1
ziaaaa	1
moaaa	1
zeeeee	1
mớiiii	1
农进达	1
100034391294380	1
y29tbwvuddoyodk0odeyntuwnjm2ntixxze2otqzmjkznzy1mdy0nw	1
87p	1
100043848127835	1
y29tbwvuddoyodk0odeyntuwnjm2ntixxze2otg1mdyynzywodg3oa	1
bf	1
56808995	1
y29tbwvuddoyodk0odeyntuwnjm2ntixxze2otu3ntgymdk2oty5mg	1
baolinh	1
100009284490025	1
xênh	1
moa	1
y29tbwvuddoyodk0odeyntuwnjm2ntixxzi2nta3ntkynde2nzq5mdu	1
y29tbwvuddoyodk0odeyntuwnjm2ntixxzi2nta0nji4njgznzeymdk	1
cuong2709	1
mớiiiii	1
thươngg	1
lecong	1
y29tbwvuddoyodk0odeyntuwnjm2ntixxzq5oty4otgxnzyymtqxoq	1
y29tbwvuddoyodk0odeyntuwnjm2ntixxzq5oty5mtmznzyymti2nw	1
emms	1
y29tbwvuddoyodk0odeyntuwnjm2ntixxze2otqwmta5ndmymdq5oa	1
y29tbwvuddoyodk0odeyntuwnjm2ntixxzq5oty4njc0nzyymtcyng	1
91c	1
myap	1
1232760	1
y29tbwvuddoyodk0odeyntuwnjm2ntixxzi2nta0nta3mje3mdu3ntc	1
awww	1
đuowcj	1
y29tbwvuddoyodk0odeyntuwnjm2ntixxzi2nta0oduxnte3mdizmtq	1
vanhau	1
1614460	1
bfn	1
y29tbwvuddoyodk0odeyntuwnjm2ntixxzewmtm4mjczmtm5mzq1oa	1
longluu0605	1
chutich	1
100040432282656	1
y29tbwvuddoyodk0odeyntuwnjm2ntixxzq5oty5ntc0nzyymdgyng	1
100040849328535	1
a1n	1
83nh	1
y29tbwvuddoyodk0odeyntuwnjm2ntixxze2otq2nti0mdk4mdc1ma	1
100032088613029	1
roiiii	1
100025483149610	1
y29tbwvuddoyodk0odeyntuwnjm2ntixxzi2nta1mtywmje2otkymjc	1
cinn	1
kieuu	1
y29tbwvuddoyodk0odeyntuwnjm2ntixxzi4otq4mje3njm5njg5mzm	1
chinhh	1
samchimtee	1
y29tbwvuddoyodk0odeyntuwnjm2ntixxze4ntm4ntezotq1mdq1na	1
y29tbwvuddoyodk0odeyntuwnjm2ntixxzq5oty4mtuxmdk1ntu4mw	1
y29tbwvuddoyodk0odeyntuwnjm2ntixxzi2nta0ndq2mtuwmzk3mde	1
phamlh	1
layla	1
100014464934366	1
y29tbwvuddoyodk0odeyntuwnjm2ntixxzq5otc0mda3ndi4mza2ma	1
y29tbwvuddoyodk0odeyntuwnjm2ntixxzq5oty4mjk5ndi4odc2oa	1
sarah	1
792303	1
y29tbwvuddoyodkzndm0mte0mta3njk4xzq4odi3mzqzntm5otyzoa	1
sầm	1
haipho	1
hophuc	1
y29tbwvuddoyodkzndm0mte0mta3njk4xzi4otm0ndaxmdqxmdcwotk	1
100035587477703	1
uyênn	1
duconme	1
nổiiiii	1
y29tbwvuddoyodkzndm0mte0mta3njk4xzi4otm0nja5otqxmduwmta	1
body	1
a1ng	1
100027665400803	1
y29tbwvuddoyodkzndm0mte0mta3njk4xzq4odi2odq5odczmzq2nq	1
lêê	1
geww	1
y29tbwvuddoyodkzndm0mte0mta3njk4xzezoty3nji1nde2njg4mg	1
100020285168687	1
y29tbwvuddoyodkzndm0mte0mta3njk4xzuwotazndk3mza2mdq3mw	1
a9a	1
tminh	1
y29tbwvuddoyodkzndm0mte0mta3njk4xzuwotazmzq2njm5mzk1nw	1
jason	1
loj	1
hoj	1
xjn	1
khue	1
afang	1
hjeu	1
rem	1
chóc	1
2007	1
aj	1
truyen	1
nốc	1
hahaj	1
ducanger	1
statham	1
đeee	1
rảm	1
nọong	1
78tr	1
khửn	1
chuaanr	1
bij	1
y29tbwvuddoyodkzndm0mte0mta3njk4xzq4odi3mzgwodczmjkzna	1
あがつま	1
ぜにつ	1
y29tbwvuddoyodk0odeyntuwnjm2ntixxzq5oty5njuyndi4nzqxnq	1
kyn	1
vitconiswibu	1
cherryy	1
y29tbwvuddoyodk0odeyntuwnjm2ntixxzi2nta0mjixmduwnde5nti	1
y29tbwvuddoyodk0odeyntuwnjm2ntixxze1mtmwmjqyotu1mzcznjm	1
100035874493829	1
b1ng	1
a5u	1
nguyentiendat	1
y29tbwvuddoyodk0odeyntuwnjm2ntixxzi2nta0mjk5nze3mdc4mzi	1
y29tbwvuddoyodk0odeyntuwnjm2ntixxze4ntm5nduwntg2nzc1ma	1
y29tbwvuddoyodk0odeyntuwnjm2ntixxzi2nta0mjq4ode3mdgznde	1
yongki7470	1
doanhthanh9x	1
vhui	1
y29tbwvuddoyodk0odeyntuwnjm2ntixxzi4otq4mja3nzczmdiznju	1
katryn8	1
y29tbwvuddoyodk0odeyntuwnjm2ntixxzi4otq4mjaxntm5njkwotq	1
mớiiiiiiii	1
y29tbwvuddoyodk0odeyntuwnjm2ntixxze2otq2mjm5nzy0nzcwmq	1
y29tbwvuddoyodkzndm0mte0mta3njk4xzi4otm0ntmxmjc0mzkxmza	1
100005608681356	1
tuilacotday	1
y29tbwvuddoyodkzndm0mte0mta3njk4xzi0mtq5ndexmdg3njk1otm	1
cljt	1
y29tbwvuddoyodkzndm0mte0mta3njk4xzi4otm0ndyxmzqxmdy0oty	1
y29tbwvuddoyodkzndm0mte0mta3njk4xzuwotu1njc1oty5ntq5nq	1
chuyy	1
06052601	1
duyngoc1207	1
y29tbwvuddoyodkzndm0mte0mta3njk4xzi4otm0nduzodqxmdy1nze	1
y29tbwvuddoyodkzndm0mte0mta3njk4xzyxmdu0ota0njqznjmzoa	1
y29tbwvuddoyodkzndm0mte0mta3njk4xzi5mty2otq4nze2odm0ndg	1
100035211702612	1
thanhtung	1
y29tbwvuddoyodk0odeyntuwnjm2ntixxzg0mdgyotkynjmzodcwma	1
y29tbwvuddoyodkzndm0mte0mta3njk4xzq5mtu4mtewndg3nzi0ng	1
904750	1
y29tbwvuddoyodkzndm0mte0mta3njk4xziynzm5mjq2mtywndmxnw	1
duyanh	1
y29tbwvuddoyodkzndm0mte0mta3njk4xzeyotkwmzk5ndg0otcxmg	1
nhưnng	1
y29tbwvuddoyodk0odeyntuwnjm2ntixxzq5otcxmzq2mdk1mjm4oa	1
dúm	1
zúng	1
giãi	1
spotify	1
xiếc	1
16x	1
gianh	1
ra9	1
hể	1
hehhehe	1
conti	1
măth	1
emd	1
trướcccc	1
idols	1
bẩy	1
hànggg	1
4k	1
lỵ	1
uhd	1
ngưacj	1
kbh	1
y29tbwvuddoyota5ntm1mjcyndk3ntgyxzi3nzm2oti2mzkzodqwnzi	1
y29tbwvuddoyota5ntm1mjcyndk3ntgyxze3ndu2odm2nze0mtm1nq	1
savi	1
angelboon18265	1
100043566531310	1
y29tbwvuddoyota5ntm1mjcyndk3ntgyxzu0ndg0njexotq1odc3na	1
796	1
xuanluong	1
y29tbwvuddoyota5ntm1mjcyndk3ntgyxzi5mdk1nda1nzkxnjm3mtg	1
y29tbwvuddoyota5ntm1mjcyndk3ntgyxzi1ndi4mtq0nzkzmzi3mdi	1
y29tbwvuddoyota5ntm1mjcyndk3ntgyxzc3nzcwmtkwnja3njmyna	1
iloile101002	1
ahihi27092003	1
y29tbwvuddoyota5ntm1mjcyndk3ntgyxze2oty5ndgwmtayotu0nq	1
richard	1
padilla	1
y29tbwvuddoyota5ntm1mjcyndk3ntgyxzi4mtk5ntuxmzezoda4ndi	1
y29tbwvuddoyota5ntm1mjcyndk3ntgyxzezmty2ndm2ode4ntu1nti	1
y29tbwvuddoyota5ntm1mjcyndk3ntgyxzi0mji5mzu5njezmdiznzu	1
nhóo	1
y29tbwvuddoyota5ntm1mjcyndk3ntgyxzi5mdk1ndkxnji0otyxotm	1
100022781557183	1
rice	1
uot	1
đoé	1
22tuổi	1
tkấy	1
đjên	1
keyword	1
0869465036	1
liêu	1
đày	1
lưa	1
0383717916	1
găt	1
chuởng	1
vêu	1
wax	1
vsf	1
bjk	1
tth	1
cụng	1
perfect	1
xập	1
phien	1
thays	1
60k	1
isabella	1
vncc	1
kelly	1
soắn	1
79	1
vyvyhair	1
xãy	1
cuọic	1
10000k	1
htca	1
vinfast	1
lchi	1
suu	1
1701	1
danb	1
ythằng	1
thanos	1
thuiiii	1
kenh	1
vailonnnn	1
xẻo	1
electric	1
y29tbwvuddoyodk0odeyntuwnjm2ntixxzg0mdm3mty1mza1mte5na	1
taphuc	1
luuxuan	1
100031994590016	1
y29tbwvuddoyodk0odeyntuwnjm2ntixxzg0mdm4mdq4mza1mdmxmq	1
y29tbwvuddoyodk0odeyntuwnjm2ntixxze2otq2mdg4nzy0nzg1mg	1
y29tbwvuddoyodk0odeyntuwnjm2ntixxze2otq1njiwmdk4mty1na	1
y29tbwvuddoyodk0odeyntuwnjm2ntixxzi2nta1nzmynte2otm1mdq	1
100024675933893	1
ạaaaa	1
b3	1
acoustic	1
codonnha	1
y29tbwvuddoyota5ntm1mjcyndk3ntgyxzi5mdk1njcymji0otqzodc	1
hopli	1
7374	1
quanghai	1
yb	1
y29tbwvuddoyodk0odeyntuwnjm2ntixxzi2nta2njy3odgznta4mtc	1
tithang	1
50702	1
y29tbwvuddoyota5ntm1mjcyndk3ntgyxze0ndk4mzmxmtuxnzkwmtk	1
100023734268630	1
y29tbwvuddoyodk0odeyntuwnjm2ntixxze2otqyntkwndmxodaxnw	1
8dc	1
100005901421180	1
boydz	1
y29tbwvuddoyodk0odeyntuwnjm2ntixxze2otqyodm3nzy1mtewmw	1
100025812312055	1
afng	1
100028125636808	1
y29tbwvuddoyodk0odeyntuwnjm2ntixxzi2nta1mjmwmjgznjuxotm	1
y29tbwvuddoyodk0odeyntuwnjm2ntixxze2otqyntu5nzy1mtm4mq	1
92102	1
soncorlo	1
y29tbwvuddoyodk0odeyntuwnjm2ntixxzewmtm4odeyoda1otu4nq	1
y29tbwvuddoyodk0odeyntuwnjm2ntixxze0odgxndg1mdq2njg0njk	1
y29tbwvuddoyodk0odeyntuwnjm2ntixxzq5otczmte1nzyxnzi4nq	1
100011363131634	1
bancua	1
52831	1
y29tbwvuddoyodk0odeyntuwnjm2ntixxze2otqzmdazndmxnzywna	1
vunhat	1
1804	1
y29tbwvuddoyodk0odeyntuwnjm2ntixxze0odgxndazmzezmzu5ntm	1
y29tbwvuddoyota5ntm1mjcyndk3ntgyxzq4ntk5mtgymjmynzg1oa	1
100041553350048	1
y29tbwvuddoyota5ntm1mjcyndk3ntgyxzi1ndi4mta4otkzmzmwnja	1
a9ng	1
y29tbwvuddoyota5ntm1mjcyndk3ntgyxze0ndk4mzqxode4ndu1nzk	1
tomi	1
y29tbwvuddoyota5ntm1mjcyndk3ntgyxze4njy2ntuymjcxmjmwng	1
datdckt	1
y29tbwvuddoyota5ntm1mjcyndk3ntgyxze0ndk4mjgzmze4ndyxnjq	1
y29tbwvuddoyota5ntm1mjcyndk3ntgyxzi5mdk1mzy0otu4mza3otm	1
hoangvan	1
754	1
khenhh	1
y29tbwvuddoyota5ntm1mjcyndk3ntgyxzexnzi0otmzmze2mtmwna	1
y29tbwvuddoyota5ntm1mjcyndk3ntgyxzg2ntgymzqxmduymjqzna	1
huynhcong	1
1420	1
100033721313038	1
namanh	1
54922	1
y29tbwvuddoyota5ntm1mjcyndk3ntgyxzi5mdk1ndg3oti0otyymza	1
y29tbwvuddoyota5ntm1mjcyndk3ntgyxzi5mdk1ndc2mtkxnjmwmtq	1
tranquockhoi1995	1
nguyentien	1
y29tbwvuddoyota5ntm1mjcyndk3ntgyxzewmdu0mda0ode2ndiyoa	1
100041556398939	1
phuonganhnguyencute	1
100008796438531	1
y29tbwvuddoyota5ntm1mjcyndk3ntgyxzi5mdk1nti4mtkxnji0otq	1
y29tbwvuddoyota5ntm1mjcyndk3ntgyxzezntu5njm3mdk2nji5mw	1
haduyet2001	1
y29tbwvuddoyota5ntm1mjcyndk3ntgyxze3mjc1mjexmdy0ndk1mq	1
điếcc	1
tangtri	1
y29tbwvuddoyota5ntm1mjcyndk3ntgyxzeyntiwnja0otawmdg0na	1
100008189670635	1
cahs	1
9bc	1
395	1
y29tbwvuddoyota5ntm1mjcyndk3ntgyxzuyodm3odg2mtixnjywng	1
y29tbwvuddoyota5ntm1mjcyndk3ntgyxzi5mdk1nde1ndkxnjm2mje	1
100036283548957	1
y29tbwvuddoyota5ntm1mjcyndk3ntgyxzc5njewnjgxnzq2mtq3mg	1
y29tbwvuddoyota5ntm1mjcyndk3ntgyxzixotqwmdk5ntkxotu5mq	1
milk	1
y29tbwvuddoyota5ntm1mjcyndk3ntgyxze5ndkwndy5mtc2nzc4mg	1
oiwiii	1
surrender	1
zom	1
dến	1
đqt	1
leetray	1
giẫy	1
khuyet	1
nhín	1
khay	1
ầu	1
xêm	1
tinyurl	1
gữi	1
sdi	1
èm	1
y5zmfmro	1
đéll	1
kưmmi	1
loinf	1
violin	1
alibaba	1
ọe	1
muoons	1
họe	1
ddocj	1
111	1
hỷ	1
sangr	1
phà	1
instructif	1
grờ	1
ddm	1
chớtt	1
cscđ	1
nàoo	1
choang	1
hâhhah	1
nghin	1
veler	1
ễm	1
nguon	1
rón	1
yurika	1
honhkong	1
tz	1
eva	1
biếtt	1
mương	1
uno	1
mướt	1
yahhhh	1
đjtme	1
phaolo	1
mắng	1
kaxũyyyyy	1
random	1
0939423103	1
quynhh	1
ignore	1
phẩu	1
mịe	1
oiimeoii	1
beba	1
ozawa	1
omg	1
rickid	1
yass	1
alh	1
múnnnnnnnn	1
romeo	1
sôg	1
ngôxuân	1
yếnphùng	1
haui	1
sop	1
lọng	1
rây	1
ws	1
trùi	1
lũi	1
quyêncamtien	1
nhỉnh	1
1k1	1
367754159	1
nguyenđinh	1
nguyenhue	1
phannhư	1
yếnjacob	1
chiut	1
lenguyễn	1
3v	1
peww	1
huê	1
4eva	1
cij	1
moaz	1
laf	1
vọt	1
ự	1
thôu	1
1phút	1
sr	1
tròng	1
mongg	1
30tr	1
assemble	1
chếtttt	1
pronunciation	1
panta	1
chữasai	1
túiii	1
15tỷ	1
trámg	1
nhũn	1
trầy	1
chấu	1
chínese	1
picture	1
tróc	1
2k6	1
2k7	1
2k4	1
vảy	1
2k2	1
10x	1
quanque	1
8x	1
july	1
vuot	1
thiệttt	1
yai	1
đẫm	1
ccrđ	1
giòn	1
huawei	1
thờii	1
yey	1
serious	1
thử_thách	1
1918	1
hậuhậu	1
thaafy	1
hacked	1
ktv	1
sui	1
ngạo	1
tóan	1
zữ	1
hoat	1
nỉ	1
tỉu	1
giut	1
đvdfhchbfdbf	1
triễn	1
đỉa	1
uhm	1
cuộn	1
láp	1
guidline	1
muón	1
tep	1
pép	1
rêu	1
cđmmmmm	1
vịtt	1
zuzana	1
tolet	1
nịn	1
mgx	1
iên	1
11pro	1
ỉm	1
dích	1
bks	1
vậyyy	1
phii	1
ingg	1
dận	1
mangg	1
malay	1
timor	1
tiệppppp	1
65kg	1
lồnnnn	1
nhiếp	1
venus	1
iả	1
roiii	1
longlon	1
bgdvđt	1
choe	1
ngút	1
phéttt	1
heheh	1
lặt	1
thou	1
jkaơbuvsówv	1
yếnn	1
lđao	1
nàyyyyy	1
hahhah	1
4tr8	1
mém	1
noben	1
phạmjen	1
ncguoi	1
xứg	1
1p	1
nguơ	1
vloz	1
đụmámài	1
stan	1
supreme	1
silvv	1
load	1
ngph	1
cuteee	1
zclll	1
coconut	1
lóo	1
2tỉ	1
wiro	1
dbt	1
đaz	1
axit	1
tạch	1
liềnnnn	1
c2	1
nuôn	1
mmmmnnnnnnnnnnnnnnjnn	1
phen	1
hag	1
đuồi	1
xmcx	1
fi	1
zgai	1
ames	1
ckdkxkzkxkpjkohjcjjvjvnvmnkkkkkkknnnnnloolppl	1
austin	1
cưngz	1
huỵch	1
khứa	1
nehhh	1
nhổn	1
nhữnng	1
đca	1
ball	1
cln	1
cáng	1
csbv	1
muder	1
khmer	1
ưiiiiiiii	1
covy	1
29t	1
200tr	1
loè	1
43	1
vlllllllll	1
xình	1
henooo	1
hoằ	1
asian	1
nextwork	1
thig	1
sảo	1
gdd	1
hằngg	1
hoho	1
db	1
tour	1
nhấttt	1
dò	1
gôn	1
15tr	1
đâuuu	1
chưx	1
hahahahaahahahahah	1
300tr	1
thươn	1
ll	1
linhlinh	1
180tr	1
hiéu	1
nhòa	1
cạy	1
0817263827	1
dziêng	1
dzạ	1
nhimskorea	1
nhện	1
hói	1
nhền	1
tac	1
wendy	1
travel	1
poor	1
1like	1
viện_	1
5km	1
hăn	1
0769392757	1
10m	1
luôngggg	1
thẩn	1
nămmmmmmmmmm	1
mụp	1
mãu	1
baaa	1
rún	1
nulo	1
toanggg	1
duệ	1
chue	1
qhat	1
oải	1
xạt	1
ũng	1
hoac	1
giốc	1
0795278070	1
reveiw	1
chuu	1
đâuuuu	1
600đ	1
marketing	1
ddjtme	1
834659597	1
moazhhhhh	1
lunnnnn	1
ldoi	1
sammurai	1
láu	1
nhấc	1
yahh	1
trỗi	1
thuyet	1
deu	1
ngủi	1
lasvegas	1
chxhcnvn	1
lắmm	1
bun	1
dominhluanlonghiep	1
ahha	1
2thag	1
zero	1
gmail	1
clb	1
cabin	1
zzz	1
akai	1
matador	1
thailand	1
groupbạn	1
50t	1
chửu	1
pod	1
ôiiii	1
chửn	1
chisnh	1
chiich	1
toile	1
going	1
kiếc	1
nox	1
xp	1
vck	1
hhaaa	1
dzách	1
ghén	1
cminh	1
iloveu	1
3333	1
lya	1
hockmon	1
alloc	1
mách	1
éc	1
init	1
balight	1
triêt	1
512	1
gettickcount	1
hàg	1
1cuộc	1
vướng	1
hotel	1
hhhahahah	1
ahihiiii	1
thä	1
ghep	1
tdf2	1
sē	1
chuỵen	1
beeli	1
chipu	1
chag	1
chọng	1
hiều	1
tề	1
bià	1
true	1
design	1
65cm	1
đkmm	1
vuitton	1
tiki	1
nhõng	1
superme	1
cạch	1
sell	1
1kg	1
dân_	1
talking	1
database	1
kây	1
dõm	1
0338929069catvitel	1
oét	1
23k	1
đág	1
tởn	1
7p	1
đâyyyyy	1
đốn	1
minơ	1
thoòng	1
broh	1
ỳ	1
gã	1
85cm	1
yêuuuu	1
kễ	1
rệp	1
lotte	1
kfc	1
ngje	1
k98	1
dôclâp	1
bau	1
kpai	1
thôngnhât	1
dâtnuoc	1
potay	1
vun	1
níiii	1
chu0j	1
rona	1
bubg	1
250t	1
hươ	1
ỷ	1
yess	1
ljên	1
trụi	1
fucking	1
dior	1
dziên	1
gẩy	1
đjệp	1
sup	1
shipcode	1
gján	1
đạovn	1
hsinh	1
caiditmemay	1
rắt	1
keangnam	1
aoya	1
widow	1
meiii	1
tottori	1
levan	1
reo	1
mixigroup	1
hahhahaha	1
gjam	1
gui	1
linhc	1
xự	1
lẻo	1
okee	1
chuâne	1
hoangphat	1
nghèo_trẻ	1
asxh	1
these	1
guys	1
rữa	1
màaa	1
dựg	1
hãiiiii	1
vẫnn	1
calvin	1
gin	1
gắm	1
muahahahaha	1
kidz	1
nhời	1
2du	1
gkê	1
hằg	1
2người	1
rao	1
hđqt	1
hazardous	1
ckx	1
êu	1
hih	1
phới	1
viwe	1
jenny	1
phấp	1
lẽn	1
chiws	1
pepsi	1
25p	1
sí	1
100000000000	1
mỡt	1
cồ	1
hia	1
hiaaaa	1
haaaaaaaaaaaaaaaaa	1
nhằg	1
suti	1
phượngg	1
lằng	1
mât	1
uncle	1
bứm	1
duật	1
egg	1
bíchh	1
chimiinh	1
anhny	1
v1	1
ncv	1
ayane	1
hếttttttttt	1
phuong5	1
harukana	1
hour	1
đey	1
viẹt	1
ag	1
mêlanô	1
rapper	1
hônnn	1
khoắn	1
xhaka	1
tommytham	1
eiiii	1
compat	1
er	1
hahhaaa	1
lgi	1
chẳn	1
gãi	1
compack	1
khack	1
trim	1
côca	1
sic	1
10000usd	1
bond	1
hiuhiu	1
coronavirut	1
bomm	1
vco	1
mynhut	1
cón	1
ttin	1
hyeong	1
chạc	1
0903116878	1
tommy	1
96	1
lụn	1
phobolsa	1
zâng	1
lằn	1
suẩn	1
brooo	1
tuê	1
níu	1
nghễ	1
vitel	1
oiem	1
qtâm	1
mống	1
mays	1
jadon	1
juventuts	1
300ml	1
amber	1
ráp	1
95k	1
5c	1
zừa	1
goods	1
num	1
qoan	1
riềng	1
2022về	1
gietduoc	1
ngụm	1
niểng	1
ú	1
đcđ	1
vualonemlabaonhieu	1
ứg	1
làg	1
rrất	1
ccccc	1
oa	1
2zntcyiezdqibrdwfuzydekog7i25olcbqamaw4budbmcgmswgr8oyifbhuqvwlcbi4butienow60gtwluacwgvmnhu4d0ie5hbq	1
3b1	1
0921507879	1
guests	1
coffee	1
dear	1
distinguished	1
xọa	1
mikochi	1
sến	1
ngạnh	1
1c	1
súa	1
enni	1
phỡn	1
vãiii	1
bẳng	1
mog	1
cacmobi	1
hườngphan	1
ẻa	1
tennis	1
hưngthành	1
quon	1
vcllll	1
nguyễnhoàng	1
quyềnđào	1
1m7	1
dz	1
đâí	1
leesin	1
sên	1
xảm	1
chầm	1
vsinh	1
nhungmai	1
linhuyên	1
xax	1
lụm	1
rưới	1
hayato	1
ởvn	1
hightlight	1
cdg	1
chưit	1
chét	1
đặngg	1
gtri	1
place	1
b2	1
qươi	1
trsi	1
a5p	1
21z	1
4m13	1
8175314	1
6891305	1
thạ	1
nilon	1
muôsn	1
chiens	1
tnày	1
changi	1
p5	1
stylist	1
trôii	1
yaoming	1
sếpp	1
ốt	1
bgk	1
trơid	1
cật	1
40t	1
vanh	1
leg	1
pu	1
kịn	1
chơiiii	1
wilson	1
bảoc	1
iiiiiii	1
sst	1
lunnn	1
amanita	1
phalloides	1
cuã	1
thọt	1
dồiiii	1
caliso	1
perolino	1
hollow	1
cherry	1
yeashhh	1
kaayo	1
akong	1
gwapa	1
jd	1
field	1
great	1
work	1
l3	1
doing	1
keep	1
màiiii	1
wind	1
uồi	1
komquan	1
zờ	1
thug	1
cbs	1
phượngthuan	1
2003	1
rainy	1
dip	1
christmas	1
fg	1
street	1
thầ	1
hữulưu	1
f2	1
0939218629	1
tancả	1
cailon	1
ròng	1
dream	1
busss	1
cuuu	1
nvậy	1
bộn	1
yahho	1
799006610	1
lị	1
akay	1
trangg	1
cưu	1
giừ	1
technology	1
superman	1
dzai	1
giề	1
trằn	1
dắn	1
vđv	1
vẩu	1
ngop	1
thè	1
ooke	1
mama	1
cailoncatkhong	1
0924588259	1
dỏi	1
nhịnh	1
august	1
jules	1
cesar	1
nốn	1
stab	1
xjh	1
yuri	1
lắmmm	1
ella	1
huệtrinh	1
soang	1
thuấn	1
ghii	1
choảnh	1
chạ	1
times	1
bùmmmm	1
bey	1
hiếuuu	1
oe	1
rịu	1
pê	1
lải	1
bomi	1
dv	1
aaaaa	1
hánh	1
dzìa	1
790k	1
cdb	1
600k	1
90tr	1
400tr	1
ấuhồ	1
nhnn	1
baker	1
kẹ	1
baogio	1
job	1
mee	1
tễ	1
uhmmmm	1
nhủi	1
xiểu	1
uhmmm	1
thán	1
btqp	1
nãn	1
tres	1
giơg	1
thees	1
cúte	1
toại	1
cùg	1
sốg	1
0328200620	1
cóngg	1
xúât	1
lak	1
nss	1
gìau	1
điềm	1
mấu	1
nghịêp	1
yoyo	1
đak	1
phanh	1
30đ	1
trói	1
ngói	1
zái	1
murad	1
lite	1
trl	1
vdo	1
thuog	1
đồq	1
hươq	1
khuy	1
cúttttttttt	1
maketing	1
hụhụ	1
đmn	1
bambou	1
sacré	1
phậc	1
ther	1
đẹt	1
aichi	1
tậm	1
qv	1
hẹo	1
adida	1
mikaela	1
hyakuya	1
kkkkkkkkkkkkk	1
uỗn	1
covi	1
phiêu	1
250	1
dota	1
muong	1
900	1
coviid	1
xắcccc	1
4h	1
officer	1
ngầuuu	1
chief	1
executive	1
bolsatv	1
itali	1
iuuuuu	1
16c	1
sỡ	1
trỏng	1
dậm	1
tjt	1
sep	1
sải	1
wwhat	1
t4	1
382784127	1
ngoạn	1
snghi	1
pacman	1
nễ	1
isis	1
xachlozmachay	1
baito	1
tiôi	1
binz	1
chổng	1
quơn	1
mocphin	1
laydy	1
vàg	1
250k	1
chăcs	1
dát	1
rơm	1
adu	1
ào	1
rớm	1
chìu	1
eooo	1
mjk	1
tyi	1
hĩ	1
qtqd	1
téo	1
nẫu	1
ruộttt	1
vânanh	1
bòi	1
vợt	1
khố	1
asimov	1
chyên	1
nhửnh	1
đìu	1
8175359	1
6890786	1
vincent	1
nếttt	1
hiể	1
nhứ	1
bót	1
pảk	1
tvi	1
thồ	1
lảng	1
vảng	1
bgd	1
mơn	1
3a	1
oil	1
pahm	1
hờiii	1
cooking	1
bờm	1
bủa	1
backdoor	1
poster	1
lòii	1
dmie	1
88t	1
1e1	1
75y	1
118	1
1saf1qippvudgioj6dl8w6a4fsr1coa9xpcevaeu2sh21q	1
8i5500	1
rấttt	1
2e10	1
7i11000	1
refunde	1
câph	1
nhãthi	1
toanggggggggggg	1
fufu	1
ád	1
p6	1
germany	1
mừg	1
pótay	1
wich	1
vailunnn	1
vế	1
thạt	1
paper	1
vj	1
gđình	1
vếu	1
fans	1
styles	1
chuôi	1
dồng	1
vập	1
ún	1
chup	1
cakdilac	1
500ae	1
lmcs	1
leroi	1
tungson	1
subway	1
1h59p	1
3ng	1
0855639826	1
đếnh	1
nghệt	1
gáp	1
pơ	1
hâhhaaha	1
unfollow	1
lauv	1
1chút	1
trangngọc	1
dóm	1
1thùng	1
pai	1
taooooo	1
bitch	1
linda009900	1
supperstar	1
king	1
toangg	1
flycam	1
htv	1
zien	1
ttgdtx	1
bgiờ	1
kitty	1
cmne	1
vailou	1
trển	1
hallo	1
ciao	1
hola	1
nĩ	1
phach	1
mìng	1
dăng	1
soha	1
gêm	1
jour	1
điiiiiiii	1
nhiêù	1
hihihihih	1
ngề	1
thêa	1
阮氏幸	1
thoiii	1
lụy	1
trantuan	1
hach	1
hahahahahahaaaa	1
rầy	1
boà	1
xở	1
fat	1
xaaa	1
stupid	1
hảm	1
codon	1
reset	1
inchen	1
quatar	1
huyn	1
ducangter	1
ạ_trần	1
aloooo	1
王氏响	1
bộc	1
xớ	1
khế	1
trãng	1
2l	1
foollllll	1
khoẽ	1
cungf	1
tảo	1
27	1
ngủm	1
tpp	1
april	1
teacher	1
neh	1
xd	1
buocraanhsang	1
hêhhehe	1
kiêng	1
continued	1
nơm	1
nớp	1
nén	1
iron	1
pupg	1
uỳnh	1
phưởng	1
hm	1
location	1
trenning	1
140tr	1
emvi	1
0834142839	1
tvyo2b3oeyk	1
counted	1
hnt	1
2km	1
matcha	1
rạ	1
êcip	1
gí	1
xx	1
xom	1
riat	1
leli	1
akm	1
hưỡng	1
umi	1
trúy	1
thiều	1
jh	1
anhq	1
fsypgww1l_s	1
63	1
ngonnn	1
đouma	1
vchhhh	1
xừ	1
dực	1
đesss	1
1kh	1
2kg	1
đỹ	1
quyêt	1
pónk	1
15s	1
pảnk	1
watched	1
khuyển	1
vồ	1
felt	1
motivated	1
nghanh	1
chât	1
iv	1
sóm	1
chunga	1
rũ	1
nu0c	1
eyy	1
mênh	1
m0ng	1
nguyễnphạm	1
maskeup	1
pay	1
giặ	1
handsome	1
hahahahaha	1
1đảng	1
loáng	1
ffq	1
hùngchú	1
balacaynenvang	1
bồng	1
bềnh	1
liếp	1
tnao	1
uýnh	1
tpchâu	1
4âl	1
bống	1
bs	1
ʚöɞ	1
kiệu	1
dcs	1
bacd	1
sūa	1
roày	1
rằn	1
kanh	1
10r	1
kingdom	1
đâyyy	1
hếttt	1
zòi	1
dzợ	1
mấtt	1
ngêu	1
pản	1
nhiếu	1
xợ	1
les	1
nhungcovid	1
9000	1
650	1
vb	1
i20	1
chiec	1
yangyến	1
cuot	1
congrats	1
catherine	1
sậu	1
dịchhhh	1
rtx	1
lolzzzz	1
quach	1
2080	1
kakaaaaaaa	1
carrie	1
rx580	1
cắcc	1
4x	1
superheroo	1
__	1
sám	1
130	1
thuyế	1
ig	1
pre	1
hác	1
3_	1
năg	1
vtv3	1
comingg	1
manmade	1
xòm	1
1tỷ	1
fdi	1
khương	1
xùm	1
thuen	1
ea	1
how	1
chỉa	1
chớm	1
delay	1
suni	1
carô	1
ntkn	1
đumoe	1
diēn	1
taaaa	1
tợn	1
thet	1
làyy	1
goodnow	1
nguc	1
rinaky	1
cis	1
chymmm	1
huhuh	1
nhiễn	1
đeeeee	1
jaha	1
thưownc	1
xiaomi	1
ninja	1
tòan	1
thảoo	1
nhê	1
10g	1
mpt	1
456	1
50kg	1
đhcn	1
guk	1
tướt	1
đungs	1
rường	1
tis	1
xịnnnn	1
binsaid	1
phít	1
phướcu	1
dho	1
mnguoi	1
tit	1
vành	1
ʚöɞphong	1
dhs	1
ss	1
clck	1
0777866760	1
yásuo	1
ưiiiiiiiii	1
meu	1
dacosan	1
vtri	1
sâ	1
đthoaiii	1
đủn	1
xĩuuuuu	1
môg	1
nģoc	1
phàn	1
xaolonnnnnnnnn	1
sąo	1
quőc	1
nį	1
đįt	1
tųi	1
tựng	1
dive	1
promise	1
ơh	1
vuu	1
bệh	1
palu	1
oiiiiiiii	1
lồồn	1
graaaaaaa	1
giö	1
kikiki	1
vliz	1
họt	1
nhểy	1
vãilone	1
nhie	1
wut	1
merc	1
hihiiiiiii	1
pn	1
đöi	1
lųa	1
sõ	1
mąng	1
cad	1
trĩ	1
chl	1
théeee	1
hiẹn	1
heu	1
530i	1
rạo	1
cricket	1
hấn	1
iz	1
níck	1
0968901765	1
kip	1
bodoi	1
rồiiiiiiii	1
cớm	1
g7	1
sóiii	1
toàna	1
clj	1
yeyeye	1
cỉa	1
kẻo	1
quết	1
letting	1
muk	1
cưs	1
bome	1
lock	1
văcxin	1
xẩu	1
cyen	1
vacin	1
quẫy	1
cec	1
fr	1
hjx	1
peoples	1
yotube	1
diva	1
tarkov	1
ngey	1
nhòm	1
hạp	1
khah	1
luô	1
gồi	1
nghèn	1
roblox	1
zip	1
3334	1
rocona	1
dẩy	1
921	1
office	1
ieu	1
ục	1
actually	1
sanfansixlong	1
đêch	1
cđb	1
0054	1
vinhomes	1
smart	1
sillylovely	1
drammar	1
thậc	1
aquaman	1
songda	1
muố	1
ngoẹo	1
spt	1
ruig	1
hần	1
trench	1
971547339	1
hoàg	1
rac	1
vit	1
uong	1
quào	1
karathen	1
0908634738	1
dkmn	1
chair	1
vietheo	1
0373393999	1
tộ	1
1386	1
maya	1
gươ	1
qcao	1
nhũ	1
hợt	1
ubnn	1
mass	1
menu	1
vann	1
0703114798	1
animal	1
rym	1
source	1
tand	1
0933	1
lw	1
86	1
khấm	1
thíchhh	1
ọt	1
mượng	1
washington	1
btw	1
dốn	1
jam	1
nắn	1
nhj	1
xờ	1
nheng	1
mjen	1
địiiiiitttttttt	1
bca	1
sòm	1
pnw	1
523y	1
kokkai	1
5p45s	1
doremon	1
vet	1
đờm	1
ali	1
1tuoi	1
30km	1
nguco	1
mứ	1
nhưnlol	1
ngok	1
nghếch	1
lkc	1
namw	1
thì_	1
thuôi	1
lưoi	1
rađể	1
200ti	1
khanhly	1
thuyệt	1
buốt	1
allah	1
protect	1
0382840132	1
ônh	1
duyênnn	1
thêu	1
ngừơi	1
muni	1
uây	1
ngưới	1
ntkia	1
33333	1
dungx	1
pray	1
sakya	1
noooooooooo	1
dồiiiii	1
195k	1
heheee	1
traiii	1
rẩu	1
siêng	1
đueọc	1
cmnt	1
thiếp	1
chuen	1
qạo	1
hahahahahaha	1
cặt	1
nuoi	1
hập	1
khìa	1
gi5	1
ip11	1
lazer	1
khaii	1
ip6	1
4m2	1
dzam	1
đạch	1
loe	1
ngung	1
ơiiiiiiiii	1
tnay	1
studio	1
bitis	1
dởm	1
dzom	1
1000like	1
ān	1
won	1
pômôsa	1
900mil	1
géc	1
816550474	1
laos	1
ách	1
armu	1
esprit	1
tout	1
très	1
accord	1
il	1
ox	1
zz	1
exprimait	1
ici	1
suis	1
nguong	1
3ga	1
coung	1
los	1
394	1
parler	1
je	1
têt	1
écoutant	1
hếu	1
shark	1
tsua	1
xobg	1
thạo	1
nhộn	1
nor	1
ddd	1
gs	1
lingg	1
nướcc	1
ngời	1
nghep	1
rape	1
phổng	1
0984	1
qảu	1
gópp	1
888	1
291	1
đth	1
lếu	1
xoan	1
quàooo	1
gheeee	1
saigonkidswim	1
2vien	1
gổ	1
ngộp	1
ngy	1
nguo	1
khởm	1
vlllll	1
2tay	1
lởm	1
13t	1
sèo	1
tră	1
hvb	1
100tuoi	1
diệc	1
loanh	1
hiềnn	1
trọi	1
unisex	1
eyyyyyyyy	1
944560327	1
gjup	1
elvis	1
hicc	1
chrissy	1
ngừa	1
caption	1
nữaa	1
cữa	1
vă	1
leito	1
hoải	1
thiến	1
vặy	1
ủg	1
android	1
nhanhh	1
402	1
dance	1
doai	1
đijt	1
nhảu	1
kòy	1
vayy	1
chiesu	1
vẹt	1
covi19	1
lưỡng	1
tầmmm	1
fail	1
mimosa	1
4s	1
nồn	1
trườn	1
phiệt	1
hiềm	1
gel	1
tăng_cân	1
oo	1
jeenh	1
quặc	1
dơi	1
đùnh	1
978781847	1
nghẽo	1
undead	1
venezuela	1
đut	1
phet	1
giũa	1
đv	1
alopduchucamo	1
elipsport	1
ahi	1
ưo	1
lolz	1
xuô	1
bươ	1
mổm	1
339483904	1
nàyyyyyyyy	1
bravo	1
vcut	1
đccc	1
lou	1
boys	1
quat	1
marrie	1
gioqf	1
ruhr	1
haru	1
794299314	1
hastag	1
chib3	1
zượt	1
mỉ	1
phỏm	1
viewer	1
thôiiiii	1
kids	1
giồ	1
nhưgn	1
nớt	1
kjo	1
nghưỡn	1
34t	1
liin	1
mòng	1
0328448610	1
ngỏ	1
peee	1
breadtalk	1
yah	1
gang	1
ohhhh	1
cd	1
conđên	1
rồivi	1
anb	1
ohhh	1
shits	1
pit	1
comdom	1
malaysa	1
nuj	1
piêu	1
pôn	1
hiv	1
viêtj	1
chành	1
vùa	1
chjnh	1
1977	1
xerm	1
nghẹt	1
quặng	1
khoắc	1
nghic	1
điiiiiii	1
tuận	1
bx	1
xủ	1
box	1
chưn	1
collect	1
hltv	1
ins	1
phiến	1
transporter	1
ceee	1
ouw	1
conac	1
gỉo	1
yeuuu	1
raats	1
bạnnn	1
náng	1
nhunge	1
mike	1
seri	1
quền	1
ngìn	1
lẩm	1
dethw	1
sandyhuynh	1
hangxáchtay	1
fank	1
sandyh	1
us	1
chuộc	1
teamn	1
keyyy	1
hũ	1
bleu	1
virus19	1
nhunh	1
dáy	1
trot	1
rấm	1
nhặng	1
mão	1
kèn	1
9mm	1
everywhere	1
25đ	1
photo	1
ngoẻo	1
mẹt	1
ppoong	1
đtcđ	1
thèng	1
streetwear	1
ìno	1
ctr	1
dãn	1
ngỉ	1
1tram	1
coô	1
phẻ	1
chuô	1
chươ	1
nuac	1
huhuu	1
mệng	1
nhĩm	1
kă	1
cass	1
ràu	1
bât	1
tuk	1
luỵ	1
xoq	1
ditmevualonetaolam	1
900k	1
phất	1
nats	1
chưaaa	1
híu	1
rooid	1
ạm	1
carie	1
nuột	1
hkong	1
chich	1
thic	1
wan	1
singapor	1
kda	1
rickit	1
lina	1
thuykieu	1
ngong	1
basa	1
ruồi_bệnh	1
wuá	1
bexuammailonto	1
kimphu	1
yuki	1
hẳng	1
thàn	1
chảm	1
tể	1
wick	1
grabbike	1
saw	1
thanhtâm	1
jum	1
ắp	1
víu	1
nghro	1
grabexpress	1
vvhp	1
djtcu	1
gup	1
madman	1
claiming	1
old	1
sounded	1
another	1
did	1
already	1
nostradamus	1
cuckoo	1
nhài	1
hay2	1
khongg	1
ana	1
czech	1
3que	1
trinhhoài	1
nộii	1
khox	1
tămphuong	1
ngấm	1
bih	1
duog	1
lzzz	1
mót	1
dống	1
qên	1
rội	1
trengg	1
cuteeeee	1
quằng	1
derek	1
oang	1
nhiỏ	1
heal	1
oảng	1
szz	1
stewart	1
đăńg	1
choa	1
zippo	1
toé	1
5cm	1
fomasa	1
ahhaaha	1
haah	1
rex	1
tranhoa	1
báu	1
chútrần	1
mướng	1
yyyyyêu	1
12p	1
fancung	1
lóng	1
0777704402	1
hitman	1
bâyyy	1
beach	1
cuqr	1
vans	1
đén	1
yearrrrrrrrrrrrrrrrrrrrrrrrrrrrrrr	1
đuốc	1
m1	1
racking	1
thoyyy	1
3ngày	1
haiza	1
looooo	1
hức	1
vđái	1
ditnhauhong	1
lâmbuisoicapytn	1
vlogs	1
riven	1
cphone	1
nchuyen	1
xme	1
tryen	1
quắn	1
đơz	1
đeow	1
杰张	1
kcos	1
gooner	1
malphite	1
mana	1
kiera	1
ruô	1
10tr8	1
miện	1
okeeeee	1
thif	1
khiê	1
minion	1
yamate	1
nii	1
uvtu	1
thuỵ	1
béoo	1
trẩn	1
tròi	1
chươi	1
condime	1
mốc	1
vicorona	1
bảr	1
hongggg	1
đanhs	1
internet	1
ních	1
dạiii	1
113	1
bươi	1
kingfu	1
xet	1
kamf	1
dấy	1
luoi	1
079202079	1
nhx	1
dyt	1
ýi	1
xiaolin	1
pim	1
thuat	1
kathleen	1
mược	1
trầnc	1
ckung	1
students	1
nhích	1
co3	1
0898056415	1
hoyyy	1
woi	1
coy	1
xink	1
haykkk	1
lạil	1
crussh	1
vdv	1
103	1
847	1
ghồ	1
kongsan	1
ràm	1
bêb	1
xốp	1
iteawon	1
zưng	1
lìu	1
điz	1
6000	1
xẽ	1
kee	1
anhem	1
phàng	1
xỉn	1
xeta	1
rễ	1
pố	1
biec	1
vew	1
uefa	1
taylor	1
tỏng	1
bkdn	1
khien	1
nhần	1
límm	1
zìa	1
jasmine	1
khậu	1
th4t	1
feel	1
0333860751	1
đuô	1
drop	1
đỗn	1
fage	1
uhmm	1
ồng	1
gig	1
inox	1
rüa	1
māt	1
cüng	1
düöc	1
vắc	1
nudetiger	1
nguyễntôi	1
đúa	1
kkkkkkkkk	1
thuyets	1
ngĩ	1
móe	1
trìu	1
suỷ	1
nhù	1
120	1
đăg	1
907197167	1
0789350124	1
kotex	1
oiwiiiiii	1
phay	1
1vị	1
14n	1
xuẩn	1
vuc	1
ruou	1
hẹp	1
rạy	1
lambor	1
chũi	1
meeting	1
sock	1
ngốc	1
tring	1
nguyenđoàn	1
huyền복승아	1
thoo	1
nhue	1
tiêpa	1
nhàu	1
đizz	1
sằn	1
yup	1
amh	1
nhoai	1
xey	1
pik	1
nhuyệt	1
riếng	1
1001	1
1đoạn	1
kichi	1
sulii	1
kill	1
alooooo	1
đaauf	1
vietnnam	1
0909108914	1
toản	1
trệ	1
thiệc	1
nến	1
nun	1
thaich	1
tễu	1
tỏi	1
susana	1
nỡm	1
your	1
0934424727	1
1vua	1
fact	1
right	1
hỗ_trợ_kinh_doanh_online	1
dệt	1
xím	1
âhhahahah	1
lana	1
nhỡi	1
3166	1
solar	1
icedolce	1
nàk	1
pccc	1
vikings	1
noc	1
riet	1
ttuấn	1
violetnt	1
quyet	1
thoat	1
cae	1
vingroup	1
4triệu	1
mohamed	1
14ngày	1
caaaa	1
chiiii	1
haters	1
vằn	1
đuok	1
vịn	1
rư	1
tyny	1
changg	1
đinhh	1
đax	1
eight	1
hoàii	1
thềềềềề	1
many	1
phoanh	1
putnam	1
bah	1
talkshow	1
hyuna	1
chủy	1
mcdn48	1
kom	1
njh	1
2_thích	1
lýyy	1
phưn	1
tsui	1
peter	1
tay_dinh	1
3s	1
đéoo	1
lậu	1
tsim	1
sha	1
thjk	1
tele	1
gt	1
buyt	1
bhyt	1
rủi	1
dịt	1
lắn	1
suỵt	1
cunt	1
cube	1
wuạo	1
thúyy	1
offical	1
mép	1
nhèm	1
trót	1
mental	1
hohoho	1
valerie	1
xủi	1
liv	1
reppppp	1
poát	1
ctri	1
when	1
water	1
lũa	1
kern	1
has	1
quem	1
andrew	1
cji	1
qaa	1
ngôii	1
ds	1
khoẻeeeeee	1
nancy	1
gisu	1
vsy	1
kưng	1
giachuối	1
offended	1
xanhh	1
loàn	1
cmcm	1
covina	1
bale	1
tơia	1
ngồn	1
01265675201	1
mâp	1
veadan	1
kếu	1
theoo	1
community	1
hehee	1
ếu	1
phươ	1
0774679582	1
anhkiên	1
hợpnlys	1
suckers	1
wordwide	1
lùy	1
caia	1
kỵ	1
videos	1
hâhhha	1
yểu	1
hell	1
thươggggg	1
4p	1
t_t	1
s686	1
cưuj	1
candy	1
muàaa	1
thângg	1
đêii	1
dịchh	1
đeii	1
địu	1
rúm	1
lôgo	1
cgai	1
thâý	1
vaicutt	1
vaiiil	1
cácc	1
ghéppo	1
hàiii	1
hẩy	1
oeii	1
bootcamp	1
984831632	1
zọooo	1
pochiki	1
shitt	1
lůa	1
roesot	1
thầyyyy	1
10000	1
củg	1
durex	1
bợp	1
oam	1
genr	1
đôg	1
ksa	1
boii	1
1so	1
moé	1
cuơi	1
gồ	1
tỉa	1
măc	1
nồ	1
trôm	1
760li	1
kug	1
ld	1
voice	1
đấυ	1
zise	1
hõ	1
vaoxi	1
5my	1
l9l	1
trể	1
kakka	1
djtmenhaong	1
guốc	1
clmmm	1
ctay	1
làmcc	1
15000	1
nhương	1
ziệc	1
nhak	1
4000	1
ngẩng	1
zia	1
húng	1
ngủn	1
bejp	1
nhấm	1
phếc	1
kangaroo	1
hdhải	1
nhăt	1
zdam	1
15m	1
quỉ	1
ngượng	1
bthan	1
hahahahahahahaha	1
dồiii	1
philippin	1
australia	1
cnxh	1
thạc	1
nhởn	1
laoi	1
rỗ	1
5000us	1
any	1
should	1
naw	1
intonet	1
started	1
thread	1
cạc	1
okinawa	1
nhúc	1
gien	1
david	1
tủm	1
nhma	1
0799595141	1
btv	1
ren	1
nhạn	1
phẹt	1
866446651	1
giỗ	1
lyhoàng	1
head	1
lyly	1
bag	1
shot	1
mii	1
sc	1
omar	1
nüa	1
hpbd	1
đvi	1
deng	1
heodat	1
balenciaga	1
hiên	1
cằc	1
trag	1
container	1
nók	1
cươp	1
bec	1
barack	1
theshy	1
mạn	1
khaaaaaa	1
khaaaa	1
phantom	1
matuc	1
nhwa	1
gtran	1
bap	1
xug	1
roll	1
royce	1
nâu	1
choco	1
hahaahha	1
fưc0762871239	1
nhánh	1
series	1
bug	1
t21	1
uã	1
tuõng	1
chịuuuuu	1
lóoo	1
chĩa	1
zic	1
fuckboi	1
cănng	1
cmg	1
cov	1
rọ	1
điiii	1
virrut	1
ngước	1
buòn	1
lắmmmm	1
bnhieu	1
pon	1
đómm	1
toiii	1
thịnhh	1
tchaikovsky	1
154	1
3172	1
diamond	1
wai	1
ngát	1
svn	1
lovee	1
dột	1
ngàng	1
vãnh	1
thám	1
0989003524	1
dúa	1
lotus	1
quýnh	1
rambobanking	1
alike	1
naỳ	1
kakakaka	1
đtri	1
dech	1
nails	1
destop	1
thep	1
lưư	1
djtme	1
tièn	1
boá	1
ngốn	1
giât	1
khăm	1
trinhm	1
tínhtêntui	1
thừng	1
nganh	1
pos	1
142	1
woaooo	1
hee	1
2ba	1
plus	1
bím	1
fuu	1
vlxd	1
nghiệppp	1
1000000000000000000000	1
scandan	1
vvvbgfggff	1
chox3	1
5e57ltjkwpa	1
nshsbbsna	1
phổi	1
gra	1
punchline	1
zot	1
kiềuu	1
thach	1
3rb	1
1ông	1
vảnh	1
mutua	1
1lần	1
1000đô	1
đùnge	1
tàm	1
dasua	1
bọi	1
mảng	1
dừ	1
model	1
ngiền	1
chìiiiiiii	1
kó	1
lằm	1
xống	1
tùn	1
phông	1
viếc	1
gán	1
loạj	1
ằng	1
nhộm	1
sốbom	1
ngần	1
vượn	1
nuong	1
đitme	1
wonderful	1
nkyn_có	1
mono	1
linđa	1
0562559893	1
ngot	1
okeee	1
xắn	1
rủn	1
dzú	1
vtv1	1
nhăng	1
codonqua	1
husband	1
noodle	1
bủn	1
cskv	1
nóii	1
bằn	1
cco	1
atlantic	1
mulan	1
no1	1
marinboy	1
sm	1
mimi	1
78t	1
rậm	1
vựng	1
bạy	1
do1	1
bạnnnnnnn	1
rấtt	1
secc	1
gamecon2019	1
húy	1
darling	1
hungchim	1
lưởi	1
gú	1
loooo	1
myhan	1
cóng	1
otter	1
nẹ	1
uwu	1
mjeg	1
lok	1
eim	1
oaiii	1
khử	1
nhiud	1
nhumỳ	1
tốm	1
qf	1
đná	1
sõi	1
sax	1
botay	1
huayra	1
niễng	1
lmao	1
quyét	1
sarang	1
kcn	1
ngườiii	1
giất	1
nỹaw	1
oạch	1
hvp	1
oie	1
murphy	1
bost	1
ảaaaaa	1
kelvin	1
oành	1
kl	1
nic	1
thit	1
ngn	1
statu	1
gop	1
lênnnn	1
vách	1
tước	1
cmr	1
arena	1
vặn	1
wm	1
diep	1
sdfsdfs	1
mẫy	1
diễu	1
air	1
thiu	1
òoo	1
jacob	1
nguyenan	1
nẫm	1
bhân	1
thå	1
3m	1
hasagiiiii	1
hå	1
câp	1
giôbgs	1
csnào	1
pl	1
m2	1
caiiii	1
khạo	1
pokedex	1
tjn	1
mưốn	1
vẵn	1
cộ	1
huuthuc	1
sành	1
1k7	1
kingg	1
trèn	1
main	1
chiểu	1
vuivui	1
nhhng	1
đạc	1
giáu	1
đỏng	1
rười	1
rượi	1
đảnh	1
vedan	1
noè	1
corôna	1
ngũm	1
holywood	1
tiềng	1
chou	1
world	1
nùng	1
97cc	1
haizzzzzz	1
jombie	1
supap	1
lsq	1
huracan	1
conchodinhung	1
cor	1
doyen	1
llon	1
pepper	1
xuốt	1
nien	1
sính	1
lẹc	1
nựng	1
ueik	1
taoooo	1
còm	1
gnauq	1
919	1
francis	1
đônachung	1
495452	1
chp	1
search_box	1
adam	1
dark	1
sếch	1
mổi	1
ukranie	1
veria	1
hélu	1
iraq	1
tatoo	1
hơizzzz	1
mazda	1
gết	1
nheu	1
toyota	1
phụcc	1
lõe	1
1ca	1
hjhjjhh	1
yeb	1
contairner	1
merino	1
buitôi	1
thoiu	1
ưc	1
tuôn	1
phíminhphúc	1
epa	1
khỗ	1
refundgming	1
nhàaa	1
perfume	1
kố	1
fụ	1
clipo	1
ngke	1
hànhh	1
cùngg	1
đếu	1
anw	1
over	1
quáaaaa	1
government	1
rôm	1
ghiên	1
babies	1
popo	1
sưn	1
nữaaa	1
lưc	1
hardard	1
m4a4	1
howl	1
trol	1
đọng	1
lore	1
rust	1
cost	1
bowie	1
knife	1
carol	1
inu	1
quẻ	1
rửi	1
momo	1
chạnh	1
nghẻ	1
trọcgaming	1
hoach	1
lứm	1
hahaah	1
tôisẽ	1
đeos	1
lws	1
sảm	1
myz	1
otoya	1
yamaguchi	1
đôngn	1
tooc	1
riengia	1
kiế	1
chjp	1
cne	1
thé	1
vângg	1
53	1
nhồn	1
mẩn	1
ráo	1
hânn	1
ơu	1
xiang	1
dme	1
500like	1
kiss0fangel	1
subin	1
daus	1
hhhhh	1
sưac	1
douma	1
mint	1
tỉn	1
wife	1
talia	1
rồiiiiiii	1
110cc	1
nghiem	1
đaq	1
elly	1
leaf	1
nầm	1
khốc	1
kitz	1
gộp	1
bye	1
xyz	1
àaaaaaaa	1
tuon	1
abc	1
seed	1
trây	1
cỏi	1
ohh	1
chừg	1
velu	1
indonesia	1
friday	1
dùa	1
dều	1
102	1
nượng	1
nàm	1
dàu	1
nns	1
kách	1
xk	1
mệttt	1
âyy	1
riền	1
tuesday	1
nhưn	1
dưn	1
xúm	1
choán	1
ꈍᴗꈍ	1
mỵ	1
nsưt	1
unbelievable	1
ră	1
76	1
akira	1
cđlcl	1
lim	1
xúng	1
dỡm	1
10p	1
lẽo	1
1lan	1
tỡn	1
drift	1
lamborini	1
moto	1
一nè	1
vkllllllllll	1
ổi	1
middle	1
fun	1
stay	1
laughing	1
vớii	1
tều	1
lét	1
chộp	1
tiendat	1
đůöc	1
sh	1
font	1
góm	1
cùy	1
session	1
vữa	1
rin	1
synk	1
thuêtj	1
vnpt	1
pele	1
dmg	1
nono	1
333333	1
kiim	1
hoaxpox	1
tùngg	1
hõn	1
conquy	1
đuọc	1
nct	1
uiwiii	1
kaxỹyyyy	1
linsa	1
welfare	1
y29tbwvuddoyotiyntg0ntixmtkynju3xzi0ote2odaxnzexndc5nji	1
5sonlienl	1
myname	1
nhicuteee	1
y29tbwvuddoyotiyntg0ntixmtkynju3xzi5mji1oti0nzc4ntg1mjg	1
y29tbwvuddoyotiyntg0ntixmtkynju3xzezndyxnjc0odayoduyng	1
100028286479855	1
ninhh	1
100029038729979	1
qanh	1
y29tbwvuddoyotiyntg0ntixmtkynju3xzezotgxotkxnzazntg4nta	1
propk	1
y29tbwvuddoyotiyntg0ntixmtkynju3xzeyodc1mtq3nta0odc5ma	1
letrungkien2002	1
nanh	1
giyuu	1
tomioka	1
251	1
y29tbwvuddoyotiyntg0ntixmtkynju3xziyndg5mjqwnte4ndmzmq	1
y29tbwvuddoyotiyntg0ntixmtkynju3xzi5mji1otc5mdc4ntc5odu	1
tâng	1
dfs	1
condi	1
pede	1
khìn	1
30a	1
306	1
khịt	1
tuýp	1
rông	1
brain	1
matafaka	1
loto	1
unknown	1
luv	1
lisà	1
hăng	1
trip	1
kai	1
121	1
yeuuuuuuui	1
fomolsa	1
ngoặt	1
buớc	1
1163	1
xố	1
utc	1
khiep	1
hahahha	1
19tuổi	1
ngge	1
ngốk	1
chiuuuuu	1
okkk	1
mupn	1
gũi	1
hum	1
nap	1
guci	1
homestay	1
ômôi	1
posts	1
hưởi	1
ômô	1
100017339296628	1
mariaangelica	1
ramirez	1
y29tbwvuddoyotiyntg0ntixmtkynju3xze1nteznda3mze2odi3ndk	1
ssi	1
vtv24	1
tếu	1
nhếch	1
backpacker	1
đl	1
hahha	1
dươngdương	1
đhhfhfhbfhfjffhhfhfhhcchg	1
1955	1
pẹ	1
